seed,metric,78d_ridge,78d_svr,92d_ridge,92d_svr,information_effect_under_ridge,information_effect_under_svr,model_effect_on_78d,model_effect_on_92d,interaction_difference_in_differences,information_improvement_ridge_percent,information_improvement_svr_percent,model_improvement_78d_percent,model_improvement_92d_percent
0,test_mae,0.0444651401880119,0.0315460560625787,0.03849129488623357,0.0230664048418678,-0.00597384530177833,-0.008479651220710902,-0.012919084125433196,-0.015424890044365768,-0.0025058059189325722,13.4348959128862,26.880226180697854,29.054409973312683,40.073710406356035
0,test_rmse,0.0634822831578089,0.0496016012490143,0.05734173987867664,0.0400100181666762,-0.006140543279132264,-0.009591583082338095,-0.013880681908794608,-0.01733172171200044,-0.003451039803205831,9.672845672339244,19.33724484857977,21.8654421648462,30.22531536132459
0,damaged_entry_mae,0.069898241228212,0.0521206054712881,0.061102224917711764,0.0397204913649279,-0.00879601631050024,-0.012400114106360202,-0.017777635756923905,-0.021381733552783867,-0.003604097795859962,12.58403095119657,23.79119351019647,25.433595244380168,34.99337967083736
0,zero_damage_mae,0.0331274927363564,0.0223742689767685,0.028411723667381858,0.0156422939821904,-0.004715769068974543,-0.006731974994578099,-0.010753223759587902,-0.012769429685191458,-0.0020162059256035557,14.235212747625575,30.088022100601357,32.46011959059785,44.944227371363006
0,high_damage_mae,0.093500657467697,0.066538033196789,0.08139895812221101,0.0488316905710271,-0.01210169934548598,-0.0177063426257619,-0.026962624270907995,-0.032567267551183915,-0.00560464328027592,12.942902941262128,26.61085964683485,28.83682853270113,40.00944029564601
0,high_damage_abs_bias,0.0799782953653958,0.0530844858359839,0.06475467508870501,0.029918554261052,-0.015223620276690789,-0.0231659315749319,-0.0268938095294119,-0.034836120827653014,-0.007942311298241113,19.03468960814785,43.63973995435898,33.62638501676299,53.79707454316204
0,high_damage_underestimation_ratio,0.8669064748201439,0.7841726618705036,0.8129496402877698,0.6654676258992805,-0.0539568345323741,-0.11870503597122306,-0.08273381294964033,-0.1474820143884893,-0.06474820143884896,6.224066390041493,15.137614678899086,9.543568464730294,18.14159292035399
1,test_mae,0.0455705820486931,0.0306663031005401,0.03953877101737332,0.0226306011940377,-0.006031811031319778,-0.0080357019065024,-0.014904278948152997,-0.01690816982333562,-0.002003890875182622,13.236194843582785,26.203686437707173,32.70592184279646,42.76351891642302
1,test_rmse,0.0639546154199501,0.0486663244027147,0.058246557449423746,0.0381176542027824,-0.005708057970526349,-0.010548670199932296,-0.015288291017235396,-0.020128903246641343,-0.004840612229405947,8.925169720817006,21.675502165813597,23.90490649790749,34.5580994449664
1,damaged_entry_mae,0.0715668997060333,0.0464707393582054,0.06236036605842474,0.0361981508846413,-0.009206533647608567,-0.010272588473564097,-0.025096160347827905,-0.026162215173783435,-0.00106605482595553,12.864234283481792,22.10549824564014,35.06671443210809,41.953273893986356
1,zero_damage_mae,0.0342218304456883,0.0237668405044165,0.0295759517935464,0.0167076565166553,-0.004645878652141902,-0.007059183987761199,-0.010454989941271801,-0.012868295276891099,-0.0024133053356192972,13.575774853759318,29.70181916460212,30.55064502719799,43.50931921554936
1,high_damage_mae,0.0984500646981939,0.0541436548462247,0.08498567055443723,0.0420484288202927,-0.013464394143756664,-0.012095226025932,-0.044306409851969195,-0.04293724173414453,0.0013691681178246637,13.676369015127396,22.339138464671578,45.00394183365327,50.52291928042298
1,high_damage_abs_bias,0.0884942159814567,0.0393857825073635,0.07051944330117094,0.0267813355930816,-0.017974772680285758,-0.012604446914281899,-0.049108433474093195,-0.043738107708089335,0.00537032576600386,20.311805106056013,32.0025301310832,55.4933821713088,62.022763738072626
1,high_damage_underestimation_ratio,0.8955223880597015,0.7350746268656716,0.7985074626865671,0.6753731343283582,-0.09701492537313439,-0.05970149253731338,-0.16044776119402993,-0.12313432835820892,0.037313432835821,10.83333333333334,8.121827411167507,17.916666666666675,15.420560747663547
2,test_mae,0.0451893619144701,0.0332054625329944,0.04093295330412676,0.0232920216463633,-0.0042564086103433416,-0.009913440886631097,-0.011983899381475704,-0.01764093165776346,-0.005657032276287756,9.41905003748326,29.854849565130042,26.519293200372314,43.09713869579243
2,test_rmse,0.0648171045807514,0.0518819362164582,0.060900991451425725,0.0407500470395125,-0.003916113129325681,-0.0111318891769457,-0.012935168364293204,-0.020150944411913223,-0.007215776047620019,6.041789670575072,21.45619456163318,19.956411888436207,33.08804000011313
2,damaged_entry_mae,0.0735755305615839,0.0494809225042308,0.06516891057439368,0.0365644783495356,-0.008406619987190223,-0.0129164441546952,-0.024094608057353105,-0.028604432224858083,-0.004509824167504978,11.425836719116482,26.103887116475644,32.74812682075807,43.892758023328696
2,zero_damage_mae,0.0333114615585855,0.0263951636797819,0.030791666219405125,0.0177382986287239,-0.002519795339180373,-0.008656865051058001,-0.006916297878803598,-0.013053367590681226,-0.006137069711877628,7.564349389920228,32.79716373832894,20.76251702928067,42.392534063177465
2,high_damage_mae,0.0989274642853243,0.0624776250946147,0.08683800533260207,0.0429596991211746,-0.012089458952722232,-0.019517925973440098,-0.0364498391907096,-0.043878306211427465,-0.007428467020717866,12.220528485248641,31.239865382018912,36.84501513713302,50.52891996236812
2,high_damage_abs_bias,0.0853340190689479,0.049054706967888,0.0687503267934052,0.0286326841189437,-0.016583692275542697,-0.020422022848944302,-0.0362793121010599,-0.0401176426744615,-0.003838330573401605,19.433858215612066,41.63111780957715,42.51447722361121,58.35265742810948
2,high_damage_underestimation_ratio,0.8722627737226277,0.7627737226277372,0.8065693430656934,0.6861313868613139,-0.06569343065693434,-0.07664233576642332,-0.10948905109489049,-0.12043795620437947,-0.010948905109488982,7.5313807531380785,10.04784688995215,12.552301255230121,14.932126696832567
3,test_mae,0.0437956552828747,0.0303918522066228,0.03925760976738265,0.0229078705429024,-0.004538045515492049,-0.007483981663720399,-0.0134038030762519,-0.01634973922448025,-0.0029459361482283494,10.361862349543493,24.62496070604587,30.60532600705978,41.64731200233311
3,test_rmse,0.0624534837679155,0.049508751024531,0.05801907798055832,0.041783676415245,-0.004434405787357182,-0.007725074609286002,-0.0129447327433845,-0.01623540156531332,-0.00329066882192882,7.100333752134558,15.603452822831906,20.726998659496164,27.98286724024408
3,damaged_entry_mae,0.0705984227319971,0.050597743155434,0.06343017227970438,0.0392010902204259,-0.007168250452292718,-0.011396652935008099,-0.020000679576563096,-0.024229082059278477,-0.004228402482715381,10.153556092187136,22.5240341253919,28.330207393568656,38.198039179898316
3,zero_damage_mae,0.0325803128750858,0.0219369049301698,0.02914284956719129,0.0160901403232295,-0.0034374633078945137,-0.0058467646069402975,-0.010643407944916004,-0.013052709243961787,-0.0024093012990457838,10.550737560667029,26.65264140749067,32.66821895088376,44.78871983286216
3,high_damage_mae,0.0931631058746048,0.0635824540694144,0.08393330452343341,0.0473361402488756,-0.009229801351171393,-0.016246313820538802,-0.0295806518051904,-0.03659716427455781,-0.007016512469367409,9.907142172347145,25.551567737228787,31.751465912917514,43.60267295843239
3,high_damage_abs_bias,0.0847171622553306,0.0495120299264992,0.07092196014582676,0.0307312307992153,-0.013795202109503843,-0.018780799127283903,-0.0352051323288314,-0.040190729346611456,-0.00498559701778006,16.28383404525075,37.93178981989644,41.55608071800848,56.66894888969928
3,high_damage_underestimation_ratio,0.897887323943662,0.7394366197183099,0.823943661971831,0.6901408450704225,-0.073943661971831,-0.04929577464788737,-0.15845070422535212,-0.1338028169014085,0.02464788732394363,8.23529411764706,6.666666666666672,17.647058823529413,16.239316239316246
4,test_mae,0.0465095760389508,0.0333982868529789,0.040740727204069876,0.0242895988779692,-0.005768848834880921,-0.009108687975009702,-0.013111289185971896,-0.016451128326100677,-0.003339839140128781,12.403572180597026,27.27291976114418,28.19051537900811,40.38005567180269
4,test_rmse,0.0659072204644412,0.0515730705770192,0.05995497981954604,0.0415363356755805,-0.005952240644895156,-0.0100367349014387,-0.014334149887421994,-0.01841864414396554,-0.004084494256543544,9.031242105114352,19.461193194711658,21.748982564293804,30.720791165975577
4,damaged_entry_mae,0.0723793801572405,0.0534723533532734,0.0647082363362589,0.0422920135749637,-0.007671143820981607,-0.011180339778309699,-0.01890702680396711,-0.0224162227612952,-0.0035091959573280915,10.598521021203053,20.90863610293164,26.122117601577354,34.64199309158793
4,zero_damage_mae,0.0347049081403138,0.02423827592566,0.029804096823362266,0.0160749047929329,-0.004900811316951536,-0.0081633711327271,-0.010466632214653802,-0.013729192030429365,-0.0032625598157755634,14.121378155324004,33.67966912236071,30.15893939939748,46.064781334583465
4,high_damage_mae,0.1005533222096303,0.0694755379976392,0.08908466161681165,0.0505505172671283,-0.011468660592818647,-0.018925020730510896,-0.031077784211991102,-0.03853414434968335,-0.007456360137692249,11.405551145201503,27.239833293775966,30.90677018826006,43.25564429422648
4,high_damage_abs_bias,0.0900538089896046,0.0607541353784315,0.0744264103824498,0.0357866149131492,-0.0156273986071548,-0.0249675204652823,-0.029299673611173103,-0.0386397954693006,-0.0093401218581275,17.35340101933806,41.0960016297855,32.5357405088277,51.916779636079426
4,high_damage_underestimation_ratio,0.8857142857142857,0.8214285714285714,0.8392857142857143,0.6892857142857143,-0.046428571428571375,-0.13214285714285712,-0.06428571428571428,-0.15000000000000002,-0.08571428571428574,5.241935483870962,16.08695652173913,7.258064516129031,17.872340425531917
5,test_mae,0.0442242760804688,0.0291263517004054,0.03935025576402933,0.0220371157771106,-0.004874020316439472,-0.0070892359232947975,-0.0150979243800634,-0.017313139986918726,-0.002215215606855326,11.021142115635518,24.339594591917688,34.13944945665543,43.997528480475424
5,test_rmse,0.0633483654133302,0.0466671132536986,0.058104748683964445,0.0377204186188639,-0.005243616729365748,-0.008946694634834697,-0.016681252159631593,-0.020384330065100542,-0.003703077905468949,8.277430199110315,19.171305039155442,26.332569200153994,35.08203808947227
5,damaged_entry_mae,0.0695904964530644,0.0433823624316112,0.0626931560873618,0.0346248200058816,-0.006897340365702595,-0.008757542425729598,-0.026208134021453194,-0.028068336081480197,-0.0018602020600270025,9.911325133819867,20.18687303978698,37.66050733540805,44.770973154338364
5,zero_damage_mae,0.0330923376435743,0.0228701167751999,0.02910624914731508,0.016513015360168,-0.0039860884962592165,-0.006357101415031902,-0.010222220868374397,-0.012593233787147082,-0.002371012918772685,12.045351824920761,27.796541126215285,30.889993262108806,43.266426132096626
5,high_damage_mae,0.0916894569561933,0.0486209794119639,0.08125508704595909,0.0380807325743428,-0.010434369910234206,-0.0105402468376211,-0.04306847754422939,-0.043174354471616286,-0.00010587692738689425,11.38011965238213,21.67839267143088,46.9721154143233,53.134340311759466
5,high_damage_abs_bias,0.0803502806995308,0.0345429783446974,0.06385670657728144,0.0218590918676133,-0.01649357412224936,-0.012683886477084096,-0.04580730235483341,-0.041997614709668146,0.003809687645165264,20.527089611456294,36.719145496124156,57.00951129981664,65.76852606521648
5,high_damage_underestimation_ratio,0.8718861209964412,0.7295373665480427,0.7793594306049823,0.6298932384341637,-0.092526690391459,-0.09964412811387902,-0.14234875444839856,-0.14946619217081858,-0.007117437722420017,10.612244897959174,13.658536585365855,16.3265306122449,19.178082191780828
6,test_mae,0.0449418291449715,0.0322280733161865,0.039245980266380334,0.0230411555038049,-0.0056958488785911685,-0.009186917812381595,-0.012713755828785006,-0.016204824762575433,-0.003491068933790427,12.673825224642579,28.505947973524936,28.28935998081764,41.29040643802476
6,test_rmse,0.0632873673124034,0.0519961490063156,0.058410884883998766,0.0421643662313163,-0.00487648242840464,-0.009831782774999298,-0.011291218306087807,-0.016246518652682465,-0.0049553003465946585,7.705301445599744,18.90867489783734,17.841188195349204,27.81419710546635
6,damaged_entry_mae,0.070668175486404,0.0499358899827608,0.06396555370848817,0.0373499432222633,-0.006702621777915835,-0.012585946760497499,-0.0207322855036432,-0.026615610486224864,-0.005883324982581664,9.484639629907194,25.204210368219137,29.337513471862493,41.60928647240491
6,zero_damage_mae,0.0340325556963893,0.0247190624512467,0.028763629502954857,0.0169735050155978,-0.005268926193434442,-0.007745557435648899,-0.0093134932451426,-0.011790124487357057,-0.002476631242214457,15.482017396634868,31.33434955684678,27.366423280784403,40.98969667978052
6,high_damage_mae,0.0936596557804817,0.0613433194084353,0.08453092280484929,0.0454603715788098,-0.009128732975632409,-0.0158829478296255,-0.0323163363720464,-0.039070551226039495,-0.006754214853993093,9.746707800238147,25.89189496556889,34.50400933331318,46.220424348423336
6,high_damage_abs_bias,0.0812494901377468,0.0487322883651747,0.06857652600024713,0.0262650248713389,-0.01267296413749966,-0.022467263493835803,-0.03251720177257209,-0.04231150112890823,-0.009794299356336144,15.597592201519635,46.103444446272846,40.02142255593711,61.69968587903644
6,high_damage_underestimation_ratio,0.8602150537634409,0.7383512544802867,0.8351254480286738,0.6774193548387096,-0.02508960573476704,-0.06093189964157708,-0.12186379928315416,-0.1577060931899642,-0.03584229390681004,2.9166666666666683,8.252427184466022,14.166666666666671,18.884120171673825
7,test_mae,0.0446351347463068,0.0306116840093559,0.03901486843178934,0.0234538908563662,-0.0056202663145174594,-0.0071577931529897,-0.0140234507369509,-0.01556097757542314,-0.0015375268384722404,12.591574656291346,23.3825527233394,31.417964383116885,39.88473677062062
7,test_rmse,0.0625259199506519,0.0487773896181717,0.057752752738965754,0.0405462293672288,-0.0047731672116861495,-0.0082311602509429,-0.013748530332480205,-0.017206523371736955,-0.00345799303925675,7.633901613048372,16.874950290239465,21.9885294663895,29.79342551775497
7,damaged_entry_mae,0.0712212491491527,0.0525296075487531,0.06275669577907715,0.0357573128878259,-0.008464553370075553,-0.016772294660927195,-0.018691641600399607,-0.02699938289125125,-0.008307741290851642,11.884870696874392,31.929221335531032,26.244473136458566,43.022314282283716
7,zero_damage_mae,0.0333612761071253,0.021317374660371,0.028947131518698935,0.0182366169569498,-0.0044141445884263615,-0.0030807577034211997,-0.012043901446754296,-0.010710514561749134,0.0013333868850051618,13.23134215325651,14.451862635544554,36.101441108189384,37.00026220156038
7,high_damage_mae,0.0923430780347773,0.0645279556222223,0.08273467778253876,0.0405525086743724,-0.009608400252238539,-0.0239754469478499,-0.027815122412555,-0.04218216910816636,-0.014367046695611362,10.4051115218619,37.15513178228317,30.121502341604376,50.98487144536744
7,high_damage_abs_bias,0.0785088441630031,0.0521196815861022,0.06681208353869929,0.0226944333815749,-0.011696760624303817,-0.029425248204527302,-0.026389162576900903,-0.04411765015712439,-0.017728487580223485,14.898653456187114,56.45707592421976,33.61298062433667,66.03244176866644
7,high_damage_underestimation_ratio,0.8407407407407408,0.7777777777777778,0.8074074074074075,0.6407407407407407,-0.033333333333333326,-0.13703703703703707,-0.062962962962963,-0.16666666666666674,-0.10370370370370374,3.9647577092511,17.619047619047624,7.488986784140973,20.64220183486239
8,test_mae,0.0458192114255079,0.0322742482760699,0.04041325300568452,0.0239380003607895,-0.00540595841982338,-0.008336247915280402,-0.013544963149437997,-0.01647525264489502,-0.0029302894954570217,11.798453643429232,25.829410011267107,29.561755272587288,40.766954945640265
8,test_rmse,0.0632585375615254,0.0494398213490799,0.05867771727485483,0.0402467403845628,-0.0045808202866705686,-0.009193080964517097,-0.0138187162124455,-0.01843097689029203,-0.004612260677846529,7.241426158825205,18.59448661759411,21.84482402712106,31.410521312474877
8,damaged_entry_mae,0.0725799267408369,0.0498182638150872,0.06576070894015125,0.03854587760261,-0.006819217800685645,-0.011272386212477198,-0.022761662925749694,-0.027214831337541247,-0.004453168411791553,9.39545974610199,22.62701537395491,31.360823781243784,41.38463799456517
8,zero_damage_mae,0.0340136436602987,0.0245346545514915,0.029231148746364125,0.0174936926264075,-0.004782494913934576,-0.007040961925084001,-0.0094789891088072,-0.011737456119956625,-0.0022584670111494252,14.060519248388506,28.69802756059579,27.868196666831185,40.15393381150158
8,high_damage_mae,0.0972901671881684,0.0587073034273382,0.08716058517593105,0.0440624496309699,-0.010129582012237348,-0.014644853796368304,-0.03858286376083019,-0.04309813554496115,-0.004515271784130956,10.41172227882575,24.94553989265438,39.657516145703894,49.446817570084974
8,high_damage_abs_bias,0.0828622772366859,0.0467868330281333,0.07055703167799901,0.0241513866800312,-0.012305245558686895,-0.022635446348102103,-0.036075444208552604,-0.046405644997967815,-0.010330200789415208,14.850238213389277,48.379949834371615,43.536631398033556,65.77040430179825
8,high_damage_underestimation_ratio,0.875,0.7720588235294118,0.8455882352941176,0.6654411764705882,-0.02941176470588236,-0.1066176470588236,-0.1029411764705882,-0.18014705882352944,-0.07720588235294124,3.3613445378151265,13.809523809523819,11.764705882352937,21.304347826086957
9,test_mae,0.0434321787000147,0.0310516880467497,0.03846922993565484,0.0223918192397138,-0.004962948764359862,-0.008659868807035898,-0.012380490653265002,-0.016077410695941038,-0.0036969200426760357,11.426893406934205,27.888560499506752,28.5053410255489,41.79291013319672
9,test_rmse,0.0603685223941781,0.0530015436168593,0.056428366592402426,0.0383602844978107,-0.003940155801775674,-0.014641259119048601,-0.007366978777318803,-0.01806808209459173,-0.010701103317272927,6.526838235410678,27.624212654801532,12.203344533125875,32.01950222146681
9,damaged_entry_mae,0.0668103925720751,0.0459433854843995,0.06008008225005355,0.0378255939733733,-0.0067303103220215585,-0.0081177915110262,-0.020867007087675603,-0.022254488276680244,-0.0013874811890046412,10.073747605600273,17.669119124411655,31.23317538534781,37.041374517526414
9,zero_damage_mae,0.0326816131968045,0.0242036811958597,0.028531392739982436,0.0152945359680309,-0.004150220456822066,-0.008909145227828801,-0.0084779320009448,-0.013236856771951536,-0.004758924771006735,12.69894613778692,36.80905047349907,25.940983848905425,46.39400849648002
9,high_damage_mae,0.0875884126199696,0.0539569840855224,0.07888944121794361,0.0434638595599253,-0.008698971402025982,-0.0104931245255971,-0.03363142853444719,-0.03542558165801831,-0.0017941531235711183,9.931646369445303,19.44720355193571,38.39712072459622,44.905352492166806
9,high_damage_abs_bias,0.0764895083814283,0.0403510433410502,0.0643705774020952,0.0233519524733198,-0.0121189309793331,-0.0169990908677304,-0.036138465040378105,-0.04101862492877541,-0.004880159888397299,15.843912761080817,42.12800825012812,47.24630319254679,63.722630096277946
9,high_damage_underestimation_ratio,0.8767605633802817,0.75,0.823943661971831,0.6373239436619719,-0.052816901408450745,-0.11267605633802813,-0.12676056338028174,-0.18661971830985913,-0.059859154929577385,6.0240963855421725,15.02347417840375,14.45783132530121,22.649572649572647
