metric,effect,definition,n_seeds,mean_effect,std_effect,ci95_low,ci95_high,negative_seeds,positive_seeds,mean_relative_improvement_percent,one_sample_t_statistic,one_sample_t_pvalue,wilcoxon_statistic,wilcoxon_pvalue
test_mae,information_effect_under_ridge,92D_Ridge_minus_78D_Ridge,10,-0.0053128001987545765,0.0006185116131385975,-0.0057552567526363285,-0.0048703436448728245,10,0,11.836746437102565,-27.16286812499189,6.019323260608614e-10,0.0,0.001953125
test_mae,information_effect_under_svr,92D_SVR_minus_78D_SVR,10,-0.008345152726355689,0.0009245312820520348,-0.009006522563757524,-0.007683782888953853,10,0,26.4782708450281,-28.54385843892145,3.8702346591221706e-10,0.0,0.001953125
test_mae,model_effect_on_78d,78D_SVR_minus_78D_Ridge,10,-0.0134082939465788,0.001021172496213088,-0.014138796743932135,-0.012677791149225464,10,0,29.898933652127546,-41.52163181585463,1.3587834364875067e-11,0.0,0.001953125
test_mae,model_effect_on_92d,92D_SVR_minus_92D_Ridge,10,-0.016440646474179914,0.000701047606913482,-0.016942145721199682,-0.015939147227160146,10,0,41.569427246066496,-74.16028319805872,7.454583162333154e-14,0.0,0.001953125
test_mae,interaction_difference_in_differences,(92D_SVR-78D_SVR)-(92D_Ridge-78D_Ridge),10,-0.0030323525276011133,0.0011494273195487485,-0.0038546032985516607,-0.002210101756650566,10,0,,-8.34253762086732,1.5810304254984115e-05,0.0,0.001953125
test_rmse,information_effect_under_ridge,92D_Ridge_minus_78D_Ridge,10,-0.004956560326913941,0.0007895023037442721,-0.005521336252177155,-0.004391784401650727,10,0,7.815627857297455,-19.853038957254025,9.68966872390073e-09,0.0,0.001953125
test_rmse,information_effect_under_svr,92D_SVR_minus_78D_SVR,10,-0.00998779297142834,0.001925937265954777,-0.01136552549509535,-0.008610060447761329,10,0,19.8707217093198,-16.399378705763215,5.187145876716373e-08,0.0,0.001953125
test_rmse,model_effect_on_78d,78D_SVR_minus_78D_Ridge,10,-0.013228971970909362,0.0025101545466531205,-0.015024628360911335,-0.01143331558090739,10,0,20.84131971971195,-16.66577963750427,4.505786422209003e-08,0.0,0.001953125
test_rmse,model_effect_on_92d,92D_SVR_minus_92D_Ridge,10,-0.01826020461542376,0.0015562455179377421,-0.019373475594066415,-0.017146933636781103,10,0,31.2694797459259,-37.104580517589085,3.7191706388591964e-11,0.0,0.001953125
test_rmse,interaction_difference_in_differences,(92D_SVR-78D_SVR)-(92D_Ridge-78D_Ridge),10,-0.005031232644514398,0.00230456710731613,-0.006679820640005829,-0.003382644649022966,10,0,,-6.903749751677452,7.037471241007185e-05,0.0,0.001953125
damaged_entry_mae,information_effect_under_ridge,92D_Ridge_minus_78D_Ridge,10,-0.007686260785497454,0.0009540296295933417,-0.008368732469527686,-0.007003789101467222,10,0,10.837622187948876,-25.477291289755232,1.0642021312008992e-09,0.0,0.001953125
damaged_entry_mae,information_effect_under_svr,92D_SVR_minus_78D_SVR,10,-0.011567210101859498,0.002412452348462656,-0.013292974549657407,-0.009841445654061589,10,0,23.30496883425395,-15.162467403301962,1.027303575911655e-07,0.0,0.001953125
damaged_entry_mae,model_effect_on_78d,78D_SVR_minus_78D_Ridge,10,-0.02151368416815564,0.0028891601378130912,-0.023580464825195394,-0.019446903511115887,10,0,30.3537254602713,-23.547411561746372,2.141770294264225e-09,0.0,0.001953125
damaged_entry_mae,model_effect_on_92d,92D_SVR_minus_92D_Ridge,10,-0.025394633484517683,0.0026164674924398367,-0.027266341574482267,-0.0235229253945531,10,0,40.15080302807573,-30.692100088493913,2.026452684348994e-10,0.0,0.001953125
damaged_entry_mae,interaction_difference_in_differences,(92D_SVR-78D_SVR)-(92D_Ridge-78D_Ridge),10,-0.0038809493163620445,0.0021829877222912302,-0.005442564659152247,-0.002319333973571842,10,0,,-5.621946105357049,0.00032502308378635727,0.0,0.001953125
zero_damage_mae,information_effect_under_ridge,92D_Ridge_minus_78D_Ridge,10,-0.004282159233401953,0.0008075345256123136,-0.004859834633108466,-0.0037044838336954397,10,0,12.756562946828371,-16.768789508786625,4.269424409855573e-08,0.0,0.001953125
zero_damage_mae,information_effect_under_svr,92D_SVR_minus_78D_SVR,10,-0.006959168348007949,0.001682042475732873,-0.008162429049159453,-0.0057559076468564445,10,0,29.20091468860853,-13.08339290936631,3.675485752124307e-07,0.0,0.001953125
zero_damage_mae,model_effect_on_78d,78D_SVR_minus_78D_Ridge,10,-0.009877108840925639,0.0014162010134246255,-0.010890198016121599,-0.008864019665729679,10,0,29.476747816417696,-22.0548921647648,3.8260426589011534e-09,0.0,0.001953125
zero_damage_mae,model_effect_on_92d,92D_SVR_minus_92D_Ridge,10,-0.012554117955531635,0.0008907467197789007,-0.013191319772996188,-0.011916916138067082,10,0,42.95039091389546,-44.56890592170867,7.20362745043596e-12,0.0,0.001953125
zero_damage_mae,interaction_difference_in_differences,(92D_SVR-78D_SVR)-(92D_Ridge-78D_Ridge),10,-0.0026770091146059967,0.0019327403775362226,-0.004059608291124883,-0.0012944099380871102,9,1,,-4.38002238561243,0.0017710632189765953,1.0,0.00390625
high_damage_mae,information_effect_under_ridge,92D_Ridge_minus_78D_Ridge,10,-0.01063540709383234,0.0015743906935562853,-0.011761658349163774,-0.009509155838500908,10,0,11.202780138194004,-21.361984923610674,5.0744941243534595e-09,0.0,0.001953125
high_damage_mae,information_effect_under_svr,92D_SVR_minus_78D_SVR,10,-0.016002744911324564,0.004278414400905006,-0.019063338199616302,-0.012942151623032824,10,0,26.20994273884031,-11.828008694938589,8.706614920949087e-07,0.0,0.001953125
high_damage_mae,model_effect_on_78d,78D_SVR_minus_78D_Ridge,10,-0.034379153795487644,0.0060813381655261305,-0.038729481049739736,-0.03002882654123555,10,0,36.29962855642059,-17.877057164696886,2.437001056369285e-08,0.0,0.001953125
high_damage_mae,model_effect_on_92d,92D_SVR_minus_92D_Ridge,10,-0.03974649161297987,0.003918978450268627,-0.042549959911729746,-0.036943023314229995,10,0,47.2611402958898,-32.071991232608255,1.3685448479232095e-10,0.0,0.001953125
high_damage_mae,interaction_difference_in_differences,(92D_SVR-78D_SVR)-(92D_Ridge-78D_Ridge),10,-0.00536733781749222,0.004482852450836727,-0.008574177276645792,-0.002160498358338648,9,1,,-3.786208147819929,0.004307691382742675,2.0,0.005859375
high_damage_abs_bias,information_effect_under_ridge,92D_Ridge_minus_78D_Ridge,10,-0.01444921613712507,0.002219569733636916,-0.01603700067436571,-0.012861431599884433,10,0,17.41350742380379,-20.586167086764554,7.0363944796154235e-09,0.0,0.001953125
high_damage_abs_bias,information_effect_under_svr,92D_SVR_minus_78D_SVR,10,-0.020415165632200402,0.005309674187580206,-0.02421347773074008,-0.016616853533660724,10,0,42.608880329581766,-12.158640987492682,6.884366300753313e-07,0.0,0.001953125
high_damage_abs_bias,model_effect_on_78d,78D_SVR_minus_78D_Ridge,10,-0.035371393699780665,0.00743200736415157,-0.04068793149295133,-0.030054855906610004,10,0,42.71529147091899,-15.050330634138993,1.0957512946017311e-07,0.0,0.001953125
high_damage_abs_bias,model_effect_on_92d,92D_SVR_minus_92D_Ridge,10,-0.04133734319485599,0.0032147754782955594,-0.043637055034399866,-0.039037631355312116,10,0,60.575191234611836,-40.6622975067338,1.6386970003338527e-11,0.0,0.001953125
high_damage_abs_bias,interaction_difference_in_differences,(92D_SVR-78D_SVR)-(92D_Ridge-78D_Ridge),10,-0.005965949495075329,0.006815768563132782,-0.010841656606210118,-0.001090242383940539,8,2,,-2.76799140628361,0.021825069130772597,6.0,0.02734375
high_damage_underestimation_ratio,information_effect_under_ridge,92D_Ridge_minus_78D_Ridge,10,-0.057021571953673765,0.02517496136761232,-0.07503065442553992,-0.039012489481807605,10,0,6.4945120275265165,-7.162594631377118,5.293451703534818e-05,0.0,0.001953125
high_damage_underestimation_ratio,information_effect_under_svr,92D_SVR_minus_78D_SVR,10,-0.09533942642550491,0.031638516797063455,-0.11797225791095313,-0.0727065949400567,10,0,12.44239215452316,-9.529199496059308,5.337656524426695e-06,0.0,0.001953125
high_damage_underestimation_ratio,model_effect_on_78d,78D_SVR_minus_78D_Ridge,10,-0.1132284300295013,0.03551547340987199,-0.13863466920207074,-0.08782219085693185,10,0,12.912238099699223,-10.081795352858876,3.343516084637334e-06,0.0,0.001953125
high_damage_underestimation_ratio,model_effect_on_92d,92D_SVR_minus_92D_Ridge,10,-0.1515462845013324,0.022180455125198884,-0.16741322625271585,-0.13567934274994894,10,0,18.526426170367493,-21.606023287395814,4.589505179876421e-09,0.0,0.001953125
high_damage_underestimation_ratio,interaction_difference_in_differences,(92D_SVR-78D_SVR)-(92D_Ridge-78D_Ridge),10,-0.03831785447183115,0.047853979989286186,-0.07255052953534902,-0.00408517940831328,8,2,,-2.5321132162671374,0.032123795139041005,8.0,0.048828125
