layout_tag,sensor_layout,sensor_count,feature_count,feature_fraction_of_full,selected_C,selected_gamma,selected_epsilon,val_mse,val_mae,val_rmse,val_bias,val_damaged_mae,val_zero_mae,val_low_mae,val_medium_mae,val_high_mae,val_high_bias,val_high_abs_bias,val_high_underestimation,val_n_zero,val_n_low,val_n_medium,val_n_high,test_mse,test_mae,test_rmse,test_bias,test_damaged_mae,test_zero_mae,test_low_mae,test_medium_mae,test_high_mae,test_high_bias,test_high_abs_bias,test_high_underestimation,test_n_zero,test_n_low,test_n_medium,test_n_high,dataset_file,test_mae_ratio_to_full,test_mae_excess_vs_full_percent,test_high_mae_ratio_to_full,test_high_mae_excess_vs_full_percent,test_mae_rank,test_high_mae_rank
1234,"1,2,3,4",4,78,1.0,1000.0,0.003,0.03,0.0012512588241516056,0.02174091191585765,0.03537313704142744,0.007660344417533212,0.03097343691193951,0.017846624121301793,0.02774023309215071,0.0272949392670894,0.034501835514634115,-0.01840473516832802,0.01840473516832802,0.6591760299625468,1266,90,177,267,0.0011911835959763865,0.022047140089029485,0.03451352772430524,0.006181815452720446,0.03211125002066712,0.017560729637576558,0.02173286519986604,0.031250893176517344,0.03677995557782435,-0.02133730479685522,0.02133730479685522,0.6824817518248175,1245,109,172,274,/Users/jerry/Desktop/Physics-Constrained Structural State Inference under Sparse and Noisy SHM Data/paper0-sss-fast-revision/data_processed/sss_fast_revision/sensor_layouts_dependency_aware/sensor_layout_1234_clean_descriptors.npz,1.0,0.0,1.0,0.0,1,1
1,1,1,19,0.24358974358974358,1000.0,0.01,0.04,0.009797932652401826,0.06979858205083606,0.09898450713319648,-0.012447355750923204,0.1408830471480413,0.039815087294194966,0.03741545835000243,0.09984980901644948,0.20296157202113213,-0.2012370074746258,0.2012370074746258,0.9925093632958801,1266,90,177,267,0.010371916907512917,0.07126812324392577,0.10184260850701399,-0.014032136236040698,0.1416519746820768,0.03989218947029219,0.0404637849745293,0.10105875680117657,0.20738754458586334,-0.2056673763041538,0.2056673763041538,0.9817518248175182,1245,109,172,274,/Users/jerry/Desktop/Physics-Constrained Structural State Inference under Sparse and Noisy SHM Data/paper0-sss-fast-revision/data_processed/sss_fast_revision/sensor_layouts_dependency_aware/sensor_layout_1_clean_descriptors.npz,3.232533696258787,223.25336962587872,5.638602367179122,463.86023671791224,12,12
2,2,1,17,0.21794871794871795,300.0,0.01,0.04,0.009907766315365083,0.07174850657775238,0.09953776326281942,-0.013823251339886818,0.14607865902729253,0.04039597781941553,0.03929713566126934,0.10523342912720396,0.20914960582601083,-0.20914960582601083,0.20914960582601083,1.0,1266,90,177,267,0.01073335722263844,0.07361634765938962,0.10360191707993843,-0.016041439368874783,0.1472751678084604,0.04078048807486409,0.03912858810832412,0.10459724671317527,0.21708750217234327,-0.21708750217234327,0.21708750217234327,1.0,1245,109,172,274,/Users/jerry/Desktop/Physics-Constrained Structural State Inference under Sparse and Noisy SHM Data/paper0-sss-fast-revision/data_processed/sss_fast_revision/sensor_layouts_dependency_aware/sensor_layout_2_clean_descriptors.npz,3.3390429489773434,233.90429489773433,5.902331820738558,490.2331820738558,14,13
3,3,1,17,0.21794871794871795,1000.0,0.003,0.04,0.009821859250063415,0.07088734514812586,0.09910529375398378,-0.016289063975964,0.14772143476314045,0.03847865331999175,0.038212277189012114,0.10354005758671693,0.21392341207362173,-0.21334134847885922,0.21334134847885922,0.9925093632958801,1266,90,177,267,0.010615795321695844,0.07302604717747635,0.10303298171797147,-0.018254404392992047,0.14949266694253108,0.038938517884620605,0.038314950941358686,0.10531911541401885,0.22144968120177155,-0.22075076314114864,0.22075076314114864,0.9927007299270073,1245,109,172,274,/Users/jerry/Desktop/Physics-Constrained Structural State Inference under Sparse and Noisy SHM Data/paper0-sss-fast-revision/data_processed/sss_fast_revision/sensor_layouts_dependency_aware/sensor_layout_3_clean_descriptors.npz,3.3122684793849357,231.22684793849356,6.020933895180931,502.09338951809303,13,14
4,4,1,17,0.21794871794871795,300.0,0.01,0.04,0.010358219233682289,0.0734874551743922,0.1017753370600279,-0.016182775779670047,0.15296444970538645,0.03996398354757471,0.04183281160893375,0.10653030704735485,0.22120673689322295,-0.22038114309189138,0.22038114309189138,0.9925093632958801,1266,90,177,267,0.011176567768470431,0.07558714837021632,0.10571928758968456,-0.018586891253846667,0.15408298742452226,0.04059502734600765,0.03823250856614269,0.10832180725457086,0.2288954880989566,-0.22887080816698543,0.22887080816698543,0.9963503649635036,1245,109,172,274,/Users/jerry/Desktop/Physics-Constrained Structural State Inference under Sparse and Noisy SHM Data/paper0-sss-fast-revision/data_processed/sss_fast_revision/sensor_layouts_dependency_aware/sensor_layout_4_clean_descriptors.npz,3.4284332600502685,242.84332600502685,6.223375871529438,522.3375871529438,15,15
12,"1,2",2,36,0.46153846153846156,1000.0,0.003,0.04,0.006002623166856258,0.053176590698921576,0.07747659754310497,-0.0011057662328421306,0.0957611234762105,0.03521439440897505,0.038602448792653864,0.06751441979051594,0.13375343536343165,-0.12943871765768006,0.12943871765768006,0.9588014981273408,1266,90,177,267,0.006719976631555566,0.05458069830471836,0.08197546359463645,-0.004019246971651151,0.09868793174097638,0.03491843761626599,0.034560622382909655,0.07486905300999874,0.13915042758680643,-0.13576880379676978,0.13576880379676978,0.9379562043795621,1245,109,172,274,/Users/jerry/Desktop/Physics-Constrained Structural State Inference under Sparse and Noisy SHM Data/paper0-sss-fast-revision/data_processed/sss_fast_revision/sensor_layouts_dependency_aware/sensor_layout_12_clean_descriptors.npz,2.4756362087923307,147.56362087923304,3.7833223395926034,278.33223395926035,6,7
13,"1,3",2,31,0.3974358974358974,1000.0,0.01,0.04,0.00718385995959639,0.05746436188286447,0.08475765428323503,0.0035109408339322537,0.09754078626209992,0.04056008809257084,0.039678206075061284,0.0690045695248699,0.13596229404982718,-0.12828607534770461,0.12828607534770461,0.9288389513108615,1266,90,177,267,0.007463387939768443,0.05756051523977866,0.08639090195019637,0.001844635870061372,0.09602813150393173,0.040412300760577904,0.03528980718070365,0.06726463605964043,0.13824637445155932,-0.1313622084115557,0.1313622084115557,0.8978102189781022,1245,109,172,274,/Users/jerry/Desktop/Physics-Constrained Structural State Inference under Sparse and Noisy SHM Data/paper0-sss-fast-revision/data_processed/sss_fast_revision/sensor_layouts_dependency_aware/sensor_layout_13_clean_descriptors.npz,2.6107928287905424,161.07928287905423,3.7587422899148875,275.87422899148874,9,6
14,"1,4",2,31,0.3974358974358974,750.0,0.01,0.04,0.0072144854498447835,0.05838056259854527,0.08493812718588033,0.0006350234592012175,0.10291520047157408,0.039595810130774824,0.038016116799188406,0.07283045991996114,0.14473511286164972,-0.13869826172802704,0.13869826172802704,0.947565543071161,1266,90,177,267,0.00785176433295189,0.05981580876897292,0.08861018188081937,-0.0005285054893237227,0.10314327001734665,0.04050115736909546,0.03809972080914336,0.07330380253229288,0.14774960312363647,-0.14108385643161733,0.14108385643161733,0.927007299270073,1245,109,172,274,/Users/jerry/Desktop/Physics-Constrained Structural State Inference under Sparse and Noisy SHM Data/paper0-sss-fast-revision/data_processed/sss_fast_revision/sensor_layouts_dependency_aware/sensor_layout_14_clean_descriptors.npz,2.7130869821404584,171.30869821404582,4.017122935643751,301.712293564375,10,10
23,"2,3",2,34,0.4358974358974359,1000.0,0.003,0.04,0.006279118251483356,0.05402804202529031,0.0792408874980799,-0.004446007290267564,0.10226925606952639,0.0336798522151623,0.03875519047014354,0.07740844092724342,0.14015925675914642,-0.1384651868898797,0.1384651868898797,0.9662921348314607,1266,90,177,267,0.007023303649197779,0.05583332009541664,0.08380515287974707,-0.005113184166370073,0.10296930648355825,0.03482089242841377,0.03828520403678718,0.07518635615624712,0.1461416956185785,-0.14330857599699479,0.14330857599699479,0.9708029197080292,1245,109,172,274,/Users/jerry/Desktop/Physics-Constrained Structural State Inference under Sparse and Noisy SHM Data/paper0-sss-fast-revision/data_processed/sss_fast_revision/sensor_layouts_dependency_aware/sensor_layout_23_clean_descriptors.npz,2.532451822320435,153.2451822320435,3.9734059849352126,297.34059849352127,7,9
24,"2,4",2,29,0.3717948717948718,300.0,0.01,0.04,0.00786443834990706,0.06277230395135652,0.08868166862383149,-0.0017730959243642027,0.1140320921335277,0.04115087670863979,0.04675659176621293,0.0836506343702561,0.15684974403299362,-0.15445268069766868,0.15445268069766868,0.9775280898876404,1266,90,177,267,0.008215940569283063,0.0637990530029683,0.09064182571684588,-0.0041953716153416394,0.11546676532809491,0.04076645835200824,0.04665012521283397,0.08559330862801577,0.16159540884990897,-0.16143513812224247,0.16143513812224247,0.9854014598540146,1245,109,172,274,/Users/jerry/Desktop/Physics-Constrained Structural State Inference under Sparse and Noisy SHM Data/paper0-sss-fast-revision/data_processed/sss_fast_revision/sensor_layouts_dependency_aware/sensor_layout_24_clean_descriptors.npz,2.893756412184921,189.3756412184921,4.393572703153,339.3572703153,11,11
34,"3,4",2,34,0.4358974358974359,1000.0,0.01,0.04,0.00701367238016496,0.055469903044581007,0.08374767089397149,0.0002552451051329811,0.09893378993135785,0.03713679435774148,0.04517402483692913,0.07250213309823325,0.13457716865031533,-0.12942152157006773,0.12942152157006773,0.947565543071161,1266,90,177,267,0.007368710249262978,0.057530484632308566,0.08584119203076677,-0.0012189705026340524,0.10102179522615111,0.03814279195794503,0.043198665948446756,0.07510672202986356,0.14029228311312641,-0.13339524518552884,0.13339524518552884,0.9379562043795621,1245,109,172,274,/Users/jerry/Desktop/Physics-Constrained Structural State Inference under Sparse and Noisy SHM Data/paper0-sss-fast-revision/data_processed/sss_fast_revision/sensor_layouts_dependency_aware/sensor_layout_34_clean_descriptors.npz,2.6094307198118347,160.94307198118346,3.8143679324537443,281.4367932453744,8,8
123,"1,2,3",3,53,0.6794871794871795,1000.0,0.003,0.03,0.003021194513016767,0.033740912132821266,0.054965393776600625,0.0035577614412292675,0.05538665529146657,0.024610717151212578,0.029191607274067374,0.0443975624590281,0.07150135099524013,-0.06353223730485179,0.06353223730485179,0.8352059925093633,1266,90,177,267,0.0034027306596854196,0.03456176217141588,0.05833292946257217,0.0021767311523654717,0.05859120551457416,0.023849841644947727,0.029062502960548985,0.04482988110033295,0.078976520761429,-0.06763626842676959,0.06763626842676959,0.7883211678832117,1245,109,172,274,/Users/jerry/Desktop/Physics-Constrained Structural State Inference under Sparse and Noisy SHM Data/paper0-sss-fast-revision/data_processed/sss_fast_revision/sensor_layouts_dependency_aware/sensor_layout_123_clean_descriptors.npz,1.5676301793271403,56.76301793271404,2.1472706946129683,114.72706946129681,2,2
124,"1,2,4",3,48,0.6153846153846154,500.0,0.01,0.04,0.0041401655675873915,0.04146808461148118,0.06434411836047947,0.00970332221064862,0.061861943280731656,0.03286593569411961,0.041583568929731106,0.04624338589939744,0.07905122548330171,-0.06936891312121592,0.06936891312121592,0.8389513108614233,1266,90,177,267,0.004579550026846474,0.043347068171305715,0.06767237269999091,0.007356038142872793,0.06688112475032403,0.032855982708369834,0.044894387991699695,0.05174377093578904,0.08512995381160166,-0.07533354304789244,0.07533354304789244,0.8065693430656934,1245,109,172,274,/Users/jerry/Desktop/Physics-Constrained Structural State Inference under Sparse and Noisy SHM Data/paper0-sss-fast-revision/data_processed/sss_fast_revision/sensor_layouts_dependency_aware/sensor_layout_124_clean_descriptors.npz,1.9661084383853913,96.61084383853911,2.3145746772714664,131.45746772714665,5,3
134,"1,3,4",3,48,0.6153846153846154,750.0,0.01,0.02,0.0042396618193213395,0.040062369168966085,0.06511268554837328,0.006062139015062444,0.0650965810547815,0.029502914866418352,0.04249675800356231,0.05154776084554429,0.08169630109839467,-0.07036864968067659,0.07036864968067659,0.850187265917603,1266,90,177,267,0.00451637164161586,0.04104910181870265,0.06720395555036816,0.005570688227077598,0.06491149125467824,0.030411651106279792,0.035931684873180575,0.04923406722958012,0.08628125704993417,-0.07369682522587118,0.07369682522587118,0.8357664233576643,1245,109,172,274,/Users/jerry/Desktop/Physics-Constrained Structural State Inference under Sparse and Noisy SHM Data/paper0-sss-fast-revision/data_processed/sss_fast_revision/sensor_layouts_dependency_aware/sensor_layout_134_clean_descriptors.npz,1.8618787585573704,86.18787585573705,2.3458771413512944,134.58771413512943,3,5
234,"2,3,4",3,51,0.6538461538461539,1000.0,0.003,0.04,0.0037686908765503053,0.03896645249075085,0.061389664248554944,0.005750319286913648,0.06158609098407028,0.02942546753385307,0.03391152639799729,0.050130906835917054,0.07850848202140993,-0.0725453044863096,0.0725453044863096,0.8689138576779026,1266,90,177,267,0.004040506551632553,0.04120720650840634,0.0635649789713845,0.004096821920413706,0.06625169917277,0.030042794115858685,0.03568597584910079,0.0542082489875465,0.08597117827546485,-0.07823325655400408,0.07823325655400408,0.843065693430657,1245,109,172,274,/Users/jerry/Desktop/Physics-Constrained Structural State Inference under Sparse and Noisy SHM Data/paper0-sss-fast-revision/data_processed/sss_fast_revision/sensor_layouts_dependency_aware/sensor_layout_234_clean_descriptors.npz,1.8690499693840463,86.90499693840465,2.3374464956477343,133.7446495647734,4,4
