feature_index,feature_name,descriptor_source,oracle_full,legacy_no_meta,signal_derived_with_ground,structural_response_only
0,story_1_mean,structural_response_signal,True,True,True,True
1,story_1_std,structural_response_signal,True,True,True,True
2,story_1_max_abs,structural_response_signal,True,True,True,True
3,story_1_rms,structural_response_signal,True,True,True,True
4,story_1_peak_to_peak,structural_response_signal,True,True,True,True
5,story_1_crest_factor,structural_response_signal,True,True,True,True
6,story_2_mean,structural_response_signal,True,True,True,True
7,story_2_std,structural_response_signal,True,True,True,True
8,story_2_max_abs,structural_response_signal,True,True,True,True
9,story_2_rms,structural_response_signal,True,True,True,True
10,story_2_peak_to_peak,structural_response_signal,True,True,True,True
11,story_2_crest_factor,structural_response_signal,True,True,True,True
12,story_3_mean,structural_response_signal,True,True,True,True
13,story_3_std,structural_response_signal,True,True,True,True
14,story_3_max_abs,structural_response_signal,True,True,True,True
15,story_3_rms,structural_response_signal,True,True,True,True
16,story_3_peak_to_peak,structural_response_signal,True,True,True,True
17,story_3_crest_factor,structural_response_signal,True,True,True,True
18,story_4_mean,structural_response_signal,True,True,True,True
19,story_4_std,structural_response_signal,True,True,True,True
20,story_4_max_abs,structural_response_signal,True,True,True,True
21,story_4_rms,structural_response_signal,True,True,True,True
22,story_4_peak_to_peak,structural_response_signal,True,True,True,True
23,story_4_crest_factor,structural_response_signal,True,True,True,True
24,ground_max_abs,measured_ground_signal,True,True,True,False
25,ground_rms,measured_ground_signal,True,True,True,False
26,story_1_max_ground_amplification,measured_ground_signal,True,True,True,False
27,story_1_rms_ground_amplification,measured_ground_signal,True,True,True,False
28,story_2_max_ground_amplification,measured_ground_signal,True,True,True,False
29,story_2_rms_ground_amplification,measured_ground_signal,True,True,True,False
30,story_3_max_ground_amplification,measured_ground_signal,True,True,True,False
31,story_3_rms_ground_amplification,measured_ground_signal,True,True,True,False
32,story_4_max_ground_amplification,measured_ground_signal,True,True,True,False
33,story_4_rms_ground_amplification,measured_ground_signal,True,True,True,False
34,story_1_relative_to_lower_max_abs,measured_ground_signal,True,True,True,False
35,story_1_relative_to_lower_rms,measured_ground_signal,True,True,True,False
36,story_2_relative_to_lower_max_abs,structural_response_signal,True,True,True,True
37,story_2_relative_to_lower_rms,structural_response_signal,True,True,True,True
38,story_3_relative_to_lower_max_abs,structural_response_signal,True,True,True,True
39,story_3_relative_to_lower_rms,structural_response_signal,True,True,True,True
40,story_4_relative_to_lower_max_abs,structural_response_signal,True,True,True,True
41,story_4_relative_to_lower_rms,structural_response_signal,True,True,True,True
42,story_2_to_story_1_max_abs_ratio,structural_response_signal,True,True,True,True
43,story_2_to_story_1_rms_ratio,structural_response_signal,True,True,True,True
44,story_3_to_story_2_max_abs_ratio,structural_response_signal,True,True,True,True
45,story_3_to_story_2_rms_ratio,structural_response_signal,True,True,True,True
46,story_4_to_story_3_max_abs_ratio,structural_response_signal,True,True,True,True
47,story_4_to_story_3_rms_ratio,structural_response_signal,True,True,True,True
48,story_1_max_abs_spatial_fraction,structural_response_signal,True,True,True,True
49,story_1_rms_spatial_fraction,structural_response_signal,True,True,True,True
50,story_2_max_abs_spatial_fraction,structural_response_signal,True,True,True,True
51,story_2_rms_spatial_fraction,structural_response_signal,True,True,True,True
52,story_3_max_abs_spatial_fraction,structural_response_signal,True,True,True,True
53,story_3_rms_spatial_fraction,structural_response_signal,True,True,True,True
54,story_4_max_abs_spatial_fraction,structural_response_signal,True,True,True,True
55,story_4_rms_spatial_fraction,structural_response_signal,True,True,True,True
56,ground_dominant_frequency,measured_ground_signal,True,True,True,False
57,ground_spectral_centroid,measured_ground_signal,True,True,True,False
58,ground_band_energy,measured_ground_signal,True,True,True,False
59,story_1_dominant_frequency,structural_response_signal,True,True,True,True
60,story_1_spectral_centroid,structural_response_signal,True,True,True,True
61,story_1_band_energy,structural_response_signal,True,True,True,True
62,story_1_dominant_frequency_to_input_ratio,generator_frequency_derived,True,True,False,False
63,story_1_centroid_to_input_ratio,generator_frequency_derived,True,True,False,False
64,story_2_dominant_frequency,structural_response_signal,True,True,True,True
65,story_2_spectral_centroid,structural_response_signal,True,True,True,True
66,story_2_band_energy,structural_response_signal,True,True,True,True
67,story_2_dominant_frequency_to_input_ratio,generator_frequency_derived,True,True,False,False
68,story_2_centroid_to_input_ratio,generator_frequency_derived,True,True,False,False
69,story_3_dominant_frequency,structural_response_signal,True,True,True,True
70,story_3_spectral_centroid,structural_response_signal,True,True,True,True
71,story_3_band_energy,structural_response_signal,True,True,True,True
72,story_3_dominant_frequency_to_input_ratio,generator_frequency_derived,True,True,False,False
73,story_3_centroid_to_input_ratio,generator_frequency_derived,True,True,False,False
74,story_4_dominant_frequency,structural_response_signal,True,True,True,True
75,story_4_spectral_centroid,structural_response_signal,True,True,True,True
76,story_4_band_energy,structural_response_signal,True,True,True,True
77,story_4_dominant_frequency_to_input_ratio,generator_frequency_derived,True,True,False,False
78,story_4_centroid_to_input_ratio,generator_frequency_derived,True,True,False,False
79,story_1_ground_correlation,measured_ground_signal,True,True,True,False
80,story_2_ground_correlation,measured_ground_signal,True,True,True,False
81,story_3_ground_correlation,measured_ground_signal,True,True,True,False
82,story_4_ground_correlation,measured_ground_signal,True,True,True,False
83,story_2_story_1_correlation,structural_response_signal,True,True,True,True
84,story_3_story_2_correlation,structural_response_signal,True,True,True,True
85,story_4_story_3_correlation,structural_response_signal,True,True,True,True
86,input_amplitude_g,generator_metadata,True,False,False,False
87,input_frequency_hz,generator_metadata,True,False,False,False
88,input_noise_level,generator_metadata,True,False,False,False
89,input_frequency_to_healthy_mode1_ratio,generator_metadata,True,False,False,False
90,input_frequency_distance_to_healthy_mode1,generator_metadata,True,False,False,False
91,input_mode1_resonance_indicator,generator_metadata,True,False,False,False
