method,noise_level,noise_percent,replicate,severity,n_entries,signed_bias,mae,rmse,underestimation_ratio,overestimation_ratio,equal_ratio
standard_svr,0.0,0,0,all,1800,0.006181815452720446,0.022047140089029485,0.03451352772430524,0.21833333333333332,0.5266666666666666,0.255
standard_svr,0.0,0,0,zero,1245,0.017560729637576558,0.017560729637576558,0.028889511037513062,0.0,0.6313253012048192,0.3686746987951807
standard_svr,0.0,0,0,low,109,-0.0077701916474926455,0.02173286519986604,0.031123676510665263,0.6330275229357798,0.3669724770642202,0.0
standard_svr,0.0,0,0,medium,172,-0.023502721976575453,0.031250893176517344,0.040313471345180166,0.7965116279069767,0.20348837209302326,0.0
standard_svr,0.0,0,0,high,274,-0.02133730479685522,0.03677995557782435,0.05125903665168488,0.6824817518248175,0.3175182481751825,0.0
standard_svr,0.0,0,0,damaged,555,-0.019343856907902714,0.03211125002066712,0.04462150497609732,0.7081081081081081,0.2918918918918919,0.0
standard_svr,0.05,5,0,all,1800,0.02682553317690144,0.044618229868498394,0.07008867101753995,0.16277777777777777,0.6327777777777778,0.20444444444444446
standard_svr,0.05,5,0,zero,1245,0.04066354717049769,0.04066354717049769,0.06761435032287118,0.0,0.704417670682731,0.2955823293172691
standard_svr,0.05,5,0,low,109,0.006025319972995191,0.04580831510438765,0.07239728574297345,0.5229357798165137,0.47706422018348627,0.0
standard_svr,0.05,5,0,medium,172,-0.01210377530118677,0.04977180338387018,0.06843384974138929,0.563953488372093,0.436046511627907,0.0
standard_svr,0.05,5,0,high,274,-0.003339660708391872,0.05887898177964813,0.08045886421843666,0.5072992700729927,0.4927007299270073,0.0
standard_svr,0.05,5,0,damaged,555,-0.00421649821413878,0.05348954510995948,0.07534416276554692,0.527927927927928,0.4720720720720721,0.0
standard_svr,0.05,5,1,all,1800,0.026573077705797088,0.04351044939061304,0.06828453578841148,0.15055555555555555,0.6322222222222222,0.21722222222222223
standard_svr,0.05,5,1,zero,1245,0.03988778551091055,0.03988778551091055,0.06590748296848148,0.0,0.6859437751004016,0.3140562248995984
standard_svr,0.05,5,1,low,109,0.008157928751660461,0.04483646030085297,0.07324694615307874,0.45871559633027525,0.5412844036697247,0.0
standard_svr,0.05,5,1,medium,172,-0.009403535821027766,0.04903697486939824,0.0662689364609255,0.5523255813953488,0.4476744186046512,0.0
standard_svr,0.05,5,1,high,274,-0.00401663928234703,0.055974387195950215,0.07747911799744576,0.45985401459854014,0.5401459854014599,0.0
standard_svr,0.05,5,1,damaged,555,-0.003295050613781751,0.051636965661296996,0.07333710493104555,0.4882882882882883,0.5117117117117117,0.0
standard_svr,0.05,5,2,all,1800,0.026727594166506826,0.044176730551704006,0.06811451260242925,0.15666666666666668,0.6411111111111111,0.20222222222222222
standard_svr,0.05,5,2,zero,1245,0.0405271458524955,0.0405271458524955,0.06608462295675524,0.0,0.7076305220883534,0.2923694779116466
standard_svr,0.05,5,2,low,109,0.006034522969412642,0.04417530425673081,0.06586164941333927,0.43119266055045874,0.5688073394495413,0.0
standard_svr,0.05,5,2,medium,172,-0.006875449871774038,0.04985127514480274,0.06889903286397533,0.5406976744186046,0.45930232558139533,0.0
standard_svr,0.05,5,2,high,274,-0.006648951504983384,0.05719814203584159,0.07700620272913677,0.5182481751824818,0.48175182481751827,0.0
standard_svr,0.05,5,2,damaged,555,-0.00422815691287316,0.05236363676884743,0.07246148944897211,0.5081081081081081,0.4918918918918919,0.0
standard_svr,0.05,5,3,all,1800,0.027197182665890513,0.04475998722981409,0.06981118922999303,0.16277777777777777,0.6277777777777778,0.20944444444444443
standard_svr,0.05,5,3,zero,1245,0.04117616394211655,0.04117616394211655,0.06796264320326798,0.0,0.6971887550200804,0.3028112449799197
standard_svr,0.05,5,3,low,109,0.005333319622080562,0.04121106439462462,0.06315438871461046,0.5229357798165137,0.47706422018348627,0.0
standard_svr,0.05,5,3,medium,172,-0.008323481237723623,0.05033548228573522,0.06759505089370037,0.5581395348837209,0.4418604651162791,0.0
standard_svr,0.05,5,3,high,274,-0.005325140055658803,0.05895599975755372,0.08108074199661813,0.5109489051094891,0.48905109489051096,0.0
standard_svr,0.05,5,3,damaged,555,-0.004161072629427376,0.05279937460491939,0.07378966174882216,0.527927927927928,0.4720720720720721,0.0
standard_svr,0.05,5,4,all,1800,0.02687194859550917,0.044731364282753074,0.06954835582704591,0.15944444444444444,0.6305555555555555,0.21
standard_svr,0.05,5,4,zero,1245,0.04048940718389762,0.04048940718389762,0.067026136757199,0.0,0.6963855421686747,0.3036144578313253
standard_svr,0.05,5,4,low,109,0.007250465828517598,0.04253875238156898,0.06303201583561006,0.4954128440366973,0.5045871559633027,0.0
standard_svr,0.05,5,4,medium,172,-0.009098985457250993,0.05236758922447753,0.07025166681193665,0.5523255813953488,0.4476744186046512,0.0
standard_svr,0.05,5,4,high,274,-0.0046170793748075475,0.06008465112701403,0.08175659850316601,0.5036496350364964,0.49635036496350365,0.0
standard_svr,0.05,5,4,damaged,555,-0.003675323373037875,0.05424710588288829,0.07489796772692747,0.5171171171171172,0.4828828828828829,0.0
standard_svr,0.1,10,0,all,1800,0.09130180941302499,0.11140596885262512,0.14950093170930873,0.09722222222222222,0.7394444444444445,0.16333333333333333
standard_svr,0.1,10,0,zero,1245,0.11093673984957914,0.11093673984957914,0.1553097085151482,0.0,0.763855421686747,0.236144578313253
standard_svr,0.1,10,0,low,109,0.07478580401569124,0.11023009457949082,0.14560161128426133,0.3302752293577982,0.6697247706422018,0.0
standard_svr,0.1,10,0,medium,172,0.03727405334212673,0.10925594618180771,0.1284875881239073,0.32558139534883723,0.6744186046511628,0.0
standard_svr,0.1,10,0,high,274,0.0425701679494994,0.11535547361154673,0.13575734135922327,0.3029197080291971,0.6970802919708029,0.0
standard_svr,0.1,10,0,damaged,555,0.047255884379673846,0.11245856364324186,0.13556804100306896,0.3153153153153153,0.6846846846846847,0.0
standard_svr,0.1,10,1,all,1800,0.09204763604767988,0.11161187912111908,0.1506797995643488,0.0961111111111111,0.7505555555555555,0.15333333333333332
standard_svr,0.1,10,1,zero,1245,0.1117046585843527,0.1117046585843527,0.1566666464487856,0.0,0.7783132530120482,0.2216867469879518
standard_svr,0.1,10,1,low,109,0.06464247743439346,0.10199790832171621,0.13280717952543022,0.3119266055045872,0.6880733944954128,0.0
standard_svr,0.1,10,1,medium,172,0.04716538439976121,0.11649058180644288,0.1410721051574936,0.3430232558139535,0.6569767441860465,0.0
standard_svr,0.1,10,1,high,274,0.04180645544232421,0.11195230073985406,0.1346061224794189,0.291970802919708,0.708029197080292,0.0
standard_svr,0.1,10,1,damaged,555,0.04795215306000838,0.11140375221710856,0.13629656422481023,0.3117117117117117,0.6882882882882883,0.0
standard_svr,0.1,10,2,all,1800,0.09392847743616597,0.11338330947050736,0.15187753308870108,0.0961111111111111,0.7427777777777778,0.16111111111111112
standard_svr,0.1,10,2,zero,1245,0.11377418725771968,0.11377418725771968,0.15835544057397816,0.0,0.7670682730923695,0.23293172690763053
standard_svr,0.1,10,2,low,109,0.06002972556215684,0.10073087706399593,0.13237634822495262,0.3486238532110092,0.6513761467889908,0.0
standard_svr,0.1,10,2,medium,172,0.0436916307848869,0.11526654824160253,0.13919579525057413,0.3372093023255814,0.6627906976744186,0.0
standard_svr,0.1,10,2,high,274,0.04877443674438728,0.1154583285165002,0.135858938314349,0.28102189781021897,0.718978102189781,0.0
standard_svr,0.1,10,2,damaged,555,0.04940972297159956,0.11250647551540945,0.13623005437193805,0.3117117117117117,0.6882882882882883,0.0
standard_svr,0.1,10,3,all,1800,0.09155075281879985,0.11173891427058344,0.1502995355587611,0.10333333333333333,0.7316666666666667,0.165
standard_svr,0.1,10,3,zero,1245,0.11192846194954685,0.11192846194954685,0.15603727545732315,0.0,0.7614457831325301,0.2385542168674699
standard_svr,0.1,10,3,low,109,0.06982477374874134,0.10623752960699681,0.1380459497168723,0.3669724770642202,0.6330275229357798,0.0
standard_svr,0.1,10,3,medium,172,0.040277120928977346,0.11340447801535308,0.13842305389954085,0.36046511627906974,0.6395348837209303,0.0
standard_svr,0.1,10,3,high,274,0.03978779127101083,0.11202061902941975,0.13476458403574654,0.30656934306569344,0.6934306569343066,0.0
standard_svr,0.1,10,3,damaged,555,0.04583859449847545,0.11131371272047638,0.1365541815181618,0.33513513513513515,0.6648648648648648,0.0
standard_svr,0.1,10,4,all,1800,0.09017373239050427,0.11088803611791997,0.14980273987728837,0.10166666666666667,0.7355555555555555,0.16277777777777777
standard_svr,0.1,10,4,zero,1245,0.11121717610939615,0.11121717610939615,0.15581289188257924,0.0,0.7646586345381526,0.2353413654618474
standard_svr,0.1,10,4,low,109,0.06528407503805742,0.10485740059270686,0.13794997973900255,0.3486238532110092,0.6513761467889908,0.0
standard_svr,0.1,10,4,medium,172,0.0336568238935009,0.10525644310473918,0.12942857248892342,0.36046511627906974,0.6395348837209303,0.0
standard_svr,0.1,10,4,high,274,0.03993575240101844,0.11532670028261875,0.13792350674019732,0.3029197080291971,0.6970802919708029,0.0
standard_svr,0.1,10,4,damaged,555,0.042968169453530575,0.11014969505595987,0.13535316677708709,0.32972972972972975,0.6702702702702703,0.0
standard_svr,0.2,20,0,all,1800,0.26388801747022617,0.28395744635769005,0.3305284661631445,0.06444444444444444,0.7988888888888889,0.13666666666666666
standard_svr,0.2,20,0,zero,1245,0.30701536361990983,0.30701536361990983,0.35964651864219577,0.0,0.8024096385542169,0.19759036144578312
standard_svr,0.2,20,0,low,109,0.22860621553358154,0.2623060494874685,0.299746943756408,0.23853211009174313,0.7614678899082569,0.0
standard_svr,0.2,20,0,medium,172,0.1888147226789587,0.2551268420907592,0.27492337161577446,0.23255813953488372,0.7674418604651163,0.0
standard_svr,0.2,20,0,high,274,0.12908793410831387,0.20589817336974292,0.21630031637284255,0.18248175182481752,0.8175182481751825,0.0
standard_svr,0.2,20,0,damaged,555,0.16714288962093565,0.23223292925595354,0.2533132719428684,0.209009009009009,0.790990990990991,0.0
standard_svr,0.2,20,1,all,1800,0.26264495359594436,0.2828441763417109,0.3295132319754523,0.065,0.7988888888888889,0.1361111111111111
standard_svr,0.2,20,1,zero,1245,0.306730430166831,0.306730430166831,0.3592318685340685,0.0,0.8032128514056225,0.19678714859437751
standard_svr,0.2,20,1,low,109,0.21410027124317355,0.24741373847316342,0.2878155526686588,0.24770642201834864,0.7522935779816514,0.0
standard_svr,0.2,20,1,medium,172,0.18622950303930175,0.25454033826549893,0.2740805069129295,0.2441860465116279,0.7558139534883721,0.0
standard_svr,0.2,20,1,high,274,0.12960995192237015,0.2061718838764027,0.21637342523719189,0.17518248175182483,0.8248175182481752,0.0
standard_svr,0.2,20,1,damaged,555,0.16375050615314457,0.22926149884211708,0.2503257860986896,0.21081081081081082,0.7891891891891892,0.0
standard_svr,0.2,20,2,all,1800,0.26396399831997613,0.28435609738190976,0.3304665454689913,0.06333333333333334,0.8011111111111111,0.13555555555555557
standard_svr,0.2,20,2,zero,1245,0.30712978180561024,0.30712978180561024,0.35934770565069307,0.0,0.8040160642570281,0.19598393574297188
standard_svr,0.2,20,2,low,109,0.22687293277651588,0.25957890473146333,0.29818937476033003,0.23853211009174313,0.7614678899082569,0.0
standard_svr,0.2,20,2,medium,172,0.19209630999791508,0.25854576132716933,0.2774678310947783,0.23255813953488372,0.7674418604651163,0.0
standard_svr,0.2,20,2,high,274,0.12769672859741124,0.20693585903448977,0.21675180018920567,0.17518248175182483,0.8248175182481752,0.0
standard_svr,0.2,20,2,damaged,555,0.16713264617652668,0.23326918367468977,0.25400161287647327,0.20540540540540542,0.7945945945945946,0.0
standard_svr,0.2,20,3,all,1800,0.26177814153542717,0.28322495895564664,0.3289469427568132,0.06722222222222222,0.7961111111111111,0.13666666666666666
standard_svr,0.2,20,3,zero,1245,0.30485460680260884,0.30485460680260884,0.3571601953265348,0.0,0.8024096385542169,0.19759036144578312
standard_svr,0.2,20,3,low,109,0.2229932160682831,0.25521205936851027,0.2947688596135082,0.25688073394495414,0.7431192660550459,0.0
standard_svr,0.2,20,3,medium,172,0.1897651548779537,0.25837581745972654,0.27661845400775886,0.2441860465116279,0.7558139534883721,0.0
standard_svr,0.2,20,3,high,274,0.12668175950390503,0.2116868086739976,0.22050540997431112,0.18613138686131386,0.8138686131386861,0.0
standard_svr,0.2,20,3,damaged,555,0.16514715188201962,0.23470439756921788,0.25452490519324644,0.218018018018018,0.781981981981982,0.0
standard_svr,0.2,20,4,all,1800,0.26523392018495073,0.28508291261807256,0.33121815371673435,0.06666666666666667,0.7988888888888889,0.13444444444444445
standard_svr,0.2,20,4,zero,1245,0.30832418170521125,0.30832418170521125,0.36039595589985385,0.0,0.8056224899598393,0.19437751004016066
standard_svr,0.2,20,4,low,109,0.23026827452816923,0.2626000378922102,0.300062238074768,0.22935779816513763,0.7706422018348624,0.0
standard_svr,0.2,20,4,medium,172,0.19156530521470613,0.2599334951568995,0.27738100293677853,0.25,0.75,0.0
standard_svr,0.2,20,4,high,274,0.12959480178621674,0.20421047880403273,0.2154177642425645,0.1897810218978102,0.8102189781021898,0.0
standard_svr,0.2,20,4,damaged,555,0.16857198218004193,0.2329470927739506,0.25384505301453403,0.21621621621621623,0.7837837837837838,0.0
calibrated_svr,0.0,0,0,all,1800,0.010392205510742035,0.02167655431459531,0.03405559939906099,0.16555555555555557,0.5794444444444444,0.255
calibrated_svr,0.0,0,0,zero,1245,0.017657506161645957,0.017657506161645957,0.029353060340301454,0.0,0.6313253012048192,0.3686746987951807
calibrated_svr,0.0,0,0,low,109,-0.006090208208968662,0.02318312546341367,0.03346262698026581,0.6238532110091743,0.3761467889908257,0.0
calibrated_svr,0.0,0,0,medium,172,-0.010634126654447903,0.029349005794633468,0.03924439521458941,0.5930232558139535,0.4069767441860465,0.0
calibrated_svr,0.0,0,0,high,274,-0.0028639517247114137,0.03452267490085145,0.04787311032577973,0.46715328467153283,0.5328467153284672,0.0
calibrated_svr,0.0,0,0,damaged,555,-0.005905631084528921,0.030692256927968193,0.042763044000247996,0.5369369369369369,0.46306306306306305,0.0
calibrated_svr,0.05,5,0,all,1800,0.032007109194045646,0.0468725602279609,0.07408368083638352,0.13333333333333333,0.6622222222222223,0.20444444444444446
calibrated_svr,0.05,5,0,zero,1245,0.04216373699223169,0.04216373699223169,0.07159511382851415,0.0,0.704417670682731,0.2955823293172691
calibrated_svr,0.05,5,0,low,109,0.009782806196251962,0.04956580132764443,0.07717246264701043,0.5229357798165137,0.47706422018348627,0.0
calibrated_svr,0.05,5,0,medium,172,0.0006490863184225483,0.055175813508672455,0.07361875844598918,0.47093023255813954,0.5290697674418605,0.0
calibrated_svr,0.05,5,0,high,274,0.014383121429903516,0.06198483060874543,0.0836236302599666,0.3722627737226277,0.6277372262773723,0.0
calibrated_svr,0.05,5,0,damaged,555,0.009223322511628298,0.05743559613513722,0.0793828569297657,0.43243243243243246,0.5675675675675675,0.0
calibrated_svr,0.05,5,1,all,1800,0.03181265809751134,0.04594964335235256,0.07215131947477305,0.1272222222222222,0.6555555555555556,0.21722222222222223
calibrated_svr,0.05,5,1,zero,1245,0.04142643368547515,0.04142643368547515,0.06985212692165696,0.0,0.6859437751004016,0.3140562248995984
calibrated_svr,0.05,5,1,low,109,0.01207314985777019,0.048673564828926236,0.076880642316866,0.45871559633027525,0.5412844036697247,0.0
calibrated_svr,0.05,5,1,medium,172,0.003908534279592107,0.05447335728892253,0.0719385830864168,0.4476744186046512,0.5523255813953488,0.0
calibrated_svr,0.05,5,1,high,274,0.013498662067580536,0.06006792728383363,0.08017598772017218,0.3722627737226277,0.6277372262773723,0.0
calibrated_svr,0.05,5,1,damaged,555,0.010246620967754704,0.056096302875347843,0.07705982556382641,0.4126126126126126,0.5873873873873874,0.0
calibrated_svr,0.05,5,2,all,1800,0.031960527165484476,0.04647625255001256,0.07188543254347678,0.13055555555555556,0.6672222222222223,0.20222222222222222
calibrated_svr,0.05,5,2,zero,1245,0.04206611633202587,0.04206611633202587,0.06998431464505006,0.0,0.7076305220883534,0.2923694779116466
calibrated_svr,0.05,5,2,low,109,0.01003103445815159,0.04817181574546976,0.06991907225723981,0.43119266055045874,0.5688073394495413,0.0
calibrated_svr,0.05,5,2,medium,172,0.006118126055562805,0.0559123109388751,0.0744949355439278,0.4418604651162791,0.5581395348837209,0.0
calibrated_svr,0.05,5,2,high,274,0.01098880885768073,0.05991713269674327,0.0791465061072628,0.40875912408759124,0.5912408759124088,0.0
calibrated_svr,0.05,5,2,damaged,555,0.009291232548648371,0.056369260822793484,0.07597725350206458,0.42342342342342343,0.5765765765765766,0.0
calibrated_svr,0.05,5,3,all,1800,0.032466861719331185,0.04721280291548651,0.07384588633006964,0.13333333333333333,0.6572222222222223,0.20944444444444443
calibrated_svr,0.05,5,3,zero,1245,0.04279492888109464,0.04279492888109464,0.07211344740349128,0.0,0.6971887550200804,0.3028112449799197
calibrated_svr,0.05,5,3,low,109,0.009557432063149955,0.04538974416957512,0.06846321239976141,0.5137614678899083,0.48623853211009177,0.0
calibrated_svr,0.05,5,3,medium,172,0.004270572055182119,0.056343569425362346,0.07314935739820963,0.45348837209302323,0.5465116279069767,0.0
calibrated_svr,0.05,5,3,high,274,0.012351701275396497,0.062280228960828084,0.08349359536518458,0.38686131386861317,0.6131386861313869,0.0
calibrated_svr,0.05,5,3,damaged,555,0.0092984948429429,0.05712316899263587,0.07759158489867926,0.43243243243243246,0.5675675675675675,0.0
calibrated_svr,0.05,5,4,all,1800,0.032140017875246535,0.047135698039321834,0.07360122841675366,0.13111111111111112,0.6588888888888889,0.21
calibrated_svr,0.05,5,4,zero,1245,0.04206858270808625,0.04206858270808625,0.07107712862182457,0.0,0.6963855421686747,0.3036144578313253
calibrated_svr,0.05,5,4,low,109,0.011585347199014818,0.046823399970796674,0.06869527521744903,0.47706422018348627,0.5229357798165137,0.0
calibrated_svr,0.05,5,4,medium,172,0.003954399020954694,0.05834763811985217,0.07609221371850818,0.45348837209302323,0.5465116279069767,0.0
calibrated_svr,0.05,5,4,high,274,0.012896668713794024,0.06324571768533037,0.08438064951379654,0.38686131386861317,0.6131386861313869,0.0
calibrated_svr,0.05,5,4,damaged,555,0.00986783189887637,0.05850247026885034,0.07897046441471031,0.4252252252252252,0.5747747747747748,0.0
calibrated_svr,0.1,10,0,all,1800,0.1007669399650872,0.11966422790716924,0.15913469808331127,0.09166666666666666,0.745,0.16333333333333333
calibrated_svr,0.1,10,0,zero,1245,0.1186964557967091,0.1186964557967091,0.16541169837501038,0.0,0.763855421686747,0.236144578313253
calibrated_svr,0.1,10,0,low,109,0.08482968093118469,0.1202739714949843,0.15646734498665552,0.3302752293577982,0.6697247706422018,0.0
calibrated_svr,0.1,10,0,medium,172,0.051034647365358336,0.12132514417567265,0.13939134093178449,0.3081395348837209,0.6918604651162791,0.0
calibrated_svr,0.1,10,0,high,274,0.056857700371946616,0.12277640538260153,0.14178167094844826,0.2773722627737226,0.7226277372262774,0.0
calibrated_svr,0.1,10,0,damaged,555,0.06054667472117863,0.1218351761549582,0.1440623710144837,0.2972972972972973,0.7027027027027027,0.0
calibrated_svr,0.1,10,1,all,1800,0.10123268677083305,0.11966154889211802,0.1600286491796733,0.08611111111111111,0.7605555555555555,0.15333333333333332
calibrated_svr,0.1,10,1,zero,1245,0.11908325172696162,0.11908325172696162,0.16640365449744982,0.0,0.7783132530120482,0.2216867469879518
calibrated_svr,0.1,10,1,low,109,0.07420003979051862,0.1115554706778414,0.14309241810425524,0.3119266055045872,0.6880733944954128,0.0
calibrated_svr,0.1,10,1,medium,172,0.06053890583818778,0.12810893488130506,0.15156649858475135,0.313953488372093,0.686046511627907,0.0
calibrated_svr,0.1,10,1,high,274,0.05642223228502725,0.1202111551177959,0.14089336476847988,0.24452554744525548,0.7554744525547445,0.0
calibrated_svr,0.1,10,1,damaged,555,0.061189527544923045,0.12095881010044189,0.14470992419073464,0.27927927927927926,0.7207207207207207,0.0
calibrated_svr,0.1,10,2,all,1800,0.10336304689743128,0.12152058960095735,0.16131631788231152,0.08944444444444444,0.7494444444444445,0.16111111111111112
calibrated_svr,0.1,10,2,zero,1245,0.12148420033209037,0.12148420033209037,0.1683952246181687,0.0,0.7670682730923695,0.23293172690763053
calibrated_svr,0.1,10,2,low,109,0.06969558035158262,0.11039673185342168,0.14237880934869857,0.3486238532110092,0.6513761467889908,0.0
calibrated_svr,0.1,10,2,medium,172,0.057261056553217844,0.12707361399483338,0.14953777012510264,0.3023255813953488,0.6976744186046512,0.0
calibrated_svr,0.1,10,2,high,274,0.06335742706732786,0.12262527915743225,0.14143567006549612,0.2591240875912409,0.7408759124087592,0.0
calibrated_svr,0.1,10,2,damaged,555,0.06271289189535821,0.12160221958246979,0.14417777510382965,0.29009009009009007,0.7099099099099099,0.0
calibrated_svr,0.1,10,3,all,1800,0.10088447970668324,0.11986076202242149,0.15976366488926258,0.09333333333333334,0.7416666666666667,0.165
calibrated_svr,0.1,10,3,zero,1245,0.11955133503871712,0.11955133503871712,0.16600779829750473,0.0,0.7614457831325301,0.2385542168674699
calibrated_svr,0.1,10,3,low,109,0.07968908869414698,0.11606278626338422,0.1491484268452688,0.3669724770642202,0.6330275229357798,0.0
calibrated_svr,0.1,10,3,medium,172,0.053277767846866025,0.1247925202135104,0.14829657644948366,0.3313953488372093,0.6686046511627907,0.0
calibrated_svr,0.1,10,3,high,274,0.05438235259673004,0.11968176035665397,0.14072535060386138,0.2591240875912409,0.7408759124087592,0.0
calibrated_svr,0.1,10,3,damaged,555,0.05901018261049911,0.12055488201289344,0.1447802192073805,0.3027027027027027,0.6972972972972973,0.0
calibrated_svr,0.1,10,4,all,1800,0.0993430413000694,0.11891420198633872,0.15907650170133886,0.09388888888888888,0.7433333333333333,0.16277777777777777
calibrated_svr,0.1,10,4,zero,1245,0.11868732280491094,0.11868732280491094,0.16560435847348962,0.0,0.7646586345381526,0.2353413654618474
calibrated_svr,0.1,10,4,low,109,0.07492046239027747,0.11449378794492694,0.14796827047185623,0.3486238532110092,0.6513761467889908,0.0
calibrated_svr,0.1,10,4,medium,172,0.04665097597532134,0.11654258018040091,0.13953375181200764,0.3372093023255814,0.6627906976744186,0.0
calibrated_svr,0.1,10,4,high,274,0.05423890211574933,0.12319233578930501,0.14385749777093224,0.2664233576642336,0.7335766423357665,0.0
calibrated_svr,0.1,10,4,damaged,555,0.055949112518938436,0.11942314717710914,0.1433556636344568,0.3045045045045045,0.6954954954954955,0.0
calibrated_svr,0.2,20,0,all,1800,0.27239037524491705,0.29215631176969614,0.3387759933473483,0.06277777777777778,0.8005555555555556,0.13666666666666666
calibrated_svr,0.2,20,0,zero,1245,0.316721190933358,0.316721190933358,0.36917006098476585,0.0,0.8024096385542169,0.19759036144578312
calibrated_svr,0.2,20,0,low,109,0.23747550982991522,0.2711753437838022,0.30781167087856587,0.23853211009174313,0.7614678899082569,0.0
calibrated_svr,0.2,20,0,medium,172,0.19565522958170806,0.2618813397505139,0.2806567280577416,0.22674418604651161,0.7732558139534884,0.0
calibrated_svr,0.2,20,0,high,274,0.1330192068222827,0.2078896918390496,0.21808818396028679,0.17518248175182483,0.8248175182481752,0.0
calibrated_svr,0.2,20,0,damaged,555,0.17294557248436038,0.23705131256472511,0.257876909891174,0.2036036036036036,0.7963963963963964,0.0
calibrated_svr,0.2,20,1,all,1800,0.2710724628397979,0.29098204545686396,0.33768317702002837,0.06277777777777778,0.8011111111111111,0.1361111111111111
calibrated_svr,0.2,20,1,zero,1245,0.3164037044159162,0.3164037044159162,0.3687406829028627,0.0,0.8032128514056225,0.19678714859437751
calibrated_svr,0.2,20,1,low,109,0.2230139883903024,0.25632745562029224,0.2958653322754486,0.24770642201834864,0.7522935779816514,0.0
calibrated_svr,0.2,20,1,medium,172,0.19267999103433273,0.2608010169416471,0.27922639311907,0.23255813953488372,0.7674418604651163,0.0
calibrated_svr,0.2,20,1,high,274,0.13342459095391407,0.20820292791227848,0.21798479520970956,0.1678832116788321,0.8321167883211679,0.0
calibrated_svr,0.2,20,1,damaged,555,0.1693834614663435,0.23395508076493596,0.25458535409267347,0.2036036036036036,0.7963963963963964,0.0
calibrated_svr,0.2,20,2,all,1800,0.2724199404358925,0.29262498943514986,0.33874334628317976,0.06222222222222222,0.8022222222222222,0.13555555555555557
calibrated_svr,0.2,20,2,zero,1245,0.31682698378668434,0.31682698378668434,0.3688804082644766,0.0,0.8040160642570281,0.19598393574297188
calibrated_svr,0.2,20,2,low,109,0.2358312385095488,0.26853721046449625,0.30651025858579045,0.23853211009174313,0.7614678899082569,0.0
calibrated_svr,0.2,20,2,medium,172,0.1982722759794399,0.2645608647602688,0.28258807356296484,0.23255813953488372,0.7674418604651163,0.0
calibrated_svr,0.2,20,2,high,274,0.13174402008824818,0.20985533390310743,0.21914308574255698,0.1678832116788321,0.8321167883211679,0.0
calibrated_svr,0.2,20,2,damaged,555,0.1728041404868189,0.23833402913305904,0.2586664262850376,0.2018018018018018,0.7981981981981981,0.0
calibrated_svr,0.2,20,3,all,1800,0.27015920398095367,0.2913421092154855,0.33712000348978366,0.0661111111111111,0.7972222222222223,0.13666666666666666
calibrated_svr,0.2,20,3,zero,1245,0.3147108089079589,0.3147108089079589,0.36674371743827955,0.0,0.8024096385542169,0.19759036144578312
calibrated_svr,0.2,20,3,low,109,0.2316360774108927,0.26385492071111993,0.30300792057203974,0.25688073394495414,0.7431192660550459,0.0
calibrated_svr,0.2,20,3,medium,172,0.19584754439911709,0.26402767358930385,0.28157741479937126,0.2441860465116279,0.7558139534883721,0.0
calibrated_svr,0.2,20,3,high,274,0.12969890511267287,0.21324048643281987,0.22173220938134372,0.17883211678832117,0.8211678832116789,0.0
calibrated_svr,0.2,20,3,damaged,555,0.1702191172528069,0.2389204315269639,0.2586037564304087,0.21441441441441442,0.7855855855855856,0.0
calibrated_svr,0.2,20,4,all,1800,0.2736577467393418,0.2931463763694267,0.3393227732681465,0.06388888888888888,0.8016666666666666,0.13444444444444445
calibrated_svr,0.2,20,4,zero,1245,0.31801853068037406,0.31801853068037406,0.36984006182454504,0.0,0.8056224899598393,0.19437751004016066
calibrated_svr,0.2,20,4,low,109,0.23882659039367815,0.2711583537577192,0.30748709297483706,0.22935779816513763,0.7706422018348624,0.0
calibrated_svr,0.2,20,4,medium,172,0.19742352484182912,0.26558368333498017,0.2823089664170021,0.2441860465116279,0.7558139534883721,0.0
calibrated_svr,0.2,20,4,high,274,0.133802659883372,0.20618157910472368,0.21735668606463363,0.17518248175182483,0.8248175182481752,0.0
calibrated_svr,0.2,20,4,damaged,555,0.1741457178986477,0.23735208426649054,0.25805481371340916,0.2072072072072072,0.7927927927927928,0.0
