sensor_count,sensor_layout,tag,feature_set,model,test_mae,source_table,test_rmse,n_features,mae_on_damaged_entries,mean_prediction_on_zero_entries,config_label
4,1-2-3-4,debug_sensors_1234_3000,full,ridge,0.039335715058946,results/tables/physics_ablation/debug_sensors_1234_3000/ablation_model_comparison_fixed.csv,0.0585480689150012,92,0.0634314341956954,0.0285942499015999,full + ridge
4,1-2-3-4,debug_sensors_1234_3000,no_meta,ridge,0.0424577196385102,results/tables/physics_ablation/debug_sensors_1234_3000/ablation_model_comparison_fixed.csv,0.0617063035366238,86,0.0696519575149172,0.0303349870911962,no_meta + ridge
4,1-2-3-4,debug_sensors_1234_3000,physics_no_meta_core,ridge,0.0424577196385102,results/tables/physics_ablation/debug_sensors_1234_3000/ablation_model_comparison_fixed.csv,0.0617063035366238,86,0.0696519575149172,0.0303349870911962,physics_no_meta_core + ridge
4,1-2-3-4,debug_sensors_1234_3000,full,elasticnet,0.0476006850865508,results/tables/physics_ablation/debug_sensors_1234_3000/ablation_model_comparison_fixed.csv,0.0657015345565955,92,0.0780666059115648,0.0340194914657615,full + elasticnet
4,1-2-3-4,debug_sensors_1234_3000,response_frequency,ridge,0.050041565915686,results/tables/physics_ablation/debug_sensors_1234_3000/ablation_model_comparison_fixed.csv,0.0694423344283281,75,0.0811794269946262,0.0361608326636283,response_frequency + ridge
4,1-2-3-4,debug_sensors_1234_3000,no_meta,elasticnet,0.0502137458017921,results/tables/physics_ablation/debug_sensors_1234_3000/ablation_model_comparison_fixed.csv,0.0686873570489622,86,0.0834662505976234,0.0353903400494336,no_meta + elasticnet
4,1-2-3-4,debug_sensors_1234_3000,physics_no_meta_core,elasticnet,0.0502137458017921,results/tables/physics_ablation/debug_sensors_1234_3000/ablation_model_comparison_fixed.csv,0.0686873570489622,86,0.0834662505976234,0.0353903400494336,physics_no_meta_core + elasticnet
4,1-2-3-4,debug_sensors_1234_3000,response_correlation,ridge,0.0512203684597344,results/tables/physics_ablation/debug_sensors_1234_3000/ablation_model_comparison_fixed.csv,0.0699693818391152,59,0.0812483974479915,0.0378343796336439,response_correlation + ridge
4,1-2-3-4,debug_sensors_1234_3000,response_correlation,elasticnet,0.0559814016757537,results/tables/physics_ablation/debug_sensors_1234_3000/ablation_model_comparison_fixed.csv,0.074221489164384,59,0.0904739404818405,0.0406052096778595,response_correlation + elasticnet
4,1-2-3-4,debug_sensors_1234_3000,response_spatial,ridge,0.0568310411135187,results/tables/physics_ablation/debug_sensors_1234_3000/ablation_model_comparison_fixed.csv,0.0764954564174964,64,0.0934337894755975,0.0405141532894595,response_spatial + ridge
4,1-2-3-4,debug_sensors_1234_3000,response_basic_only,ridge,0.0577182493143618,results/tables/physics_ablation/debug_sensors_1234_3000/ablation_model_comparison_fixed.csv,0.0773266477141616,52,0.0941736042808496,0.0414670669799034,response_basic_only + ridge
4,1-2-3-4,debug_sensors_1234_3000,response_frequency,elasticnet,0.0602193383722906,results/tables/physics_ablation/debug_sensors_1234_3000/ablation_model_comparison_fixed.csv,0.0790756530469988,75,0.0992390393461493,0.0428250138417753,response_frequency + elasticnet
4,1-2-3-4,debug_sensors_1234_3000,response_spatial,elasticnet,0.0629748964841569,results/tables/physics_ablation/debug_sensors_1234_3000/ablation_model_comparison_fixed.csv,0.082148813990599,64,0.1041906160471417,0.0446016239078866,response_spatial + elasticnet
4,1-2-3-4,debug_sensors_1234_3000,response_basic_only,elasticnet,0.063947335001034,results/tables/physics_ablation/debug_sensors_1234_3000/ablation_model_comparison_fixed.csv,0.0831987337333985,52,0.1054447527098098,0.045448486142905,response_basic_only + elasticnet
4,1-2-3-4,debug_sensors_1234_3000,response_correlation,random_forest,0.0643782602349863,results/tables/physics_ablation/debug_sensors_1234_3000/ablation_model_comparison_fixed.csv,0.0835359507259842,59,0.1087277968785773,0.0446079848637469,response_correlation + random_forest
4,1-2-3-4,debug_sensors_1234_3000,full,random_forest,0.0644156172077062,results/tables/physics_ablation/debug_sensors_1234_3000/ablation_model_comparison_fixed.csv,0.0846598640858505,92,0.1103772920359516,0.0439266778264402,full + random_forest
4,1-2-3-4,debug_sensors_1234_3000,no_meta,random_forest,0.0645558991919796,results/tables/physics_ablation/debug_sensors_1234_3000/ablation_model_comparison_fixed.csv,0.0848359757507603,86,0.1106924837378389,0.0439889880088856,no_meta + random_forest
4,1-2-3-4,debug_sensors_1234_3000,physics_no_meta_core,random_forest,0.0645558991919796,results/tables/physics_ablation/debug_sensors_1234_3000/ablation_model_comparison_fixed.csv,0.0848359757507603,86,0.1106924837378389,0.0439889880088856,physics_no_meta_core + random_forest
4,1-2-3-4,debug_sensors_1234_3000,response_frequency,random_forest,0.0664307080301554,results/tables/physics_ablation/debug_sensors_1234_3000/ablation_model_comparison_fixed.csv,0.0874564288342267,75,0.1132594677315003,0.0455552368379896,response_frequency + random_forest
4,1-2-3-4,debug_sensors_1234_3000,response_basic_only,random_forest,0.0676065395750999,results/tables/physics_ablation/debug_sensors_1234_3000/ablation_model_comparison_fixed.csv,0.0881692269944677,52,0.1141269754098897,0.0468685139620009,response_basic_only + random_forest
4,1-2-3-4,debug_sensors_1234_3000,response_spatial,random_forest,0.0687789641234936,results/tables/physics_ablation/debug_sensors_1234_3000/ablation_model_comparison_fixed.csv,0.0891982378067719,64,0.1159867692897998,0.047734520856586,response_spatial + random_forest
3,1-2-4,debug_sensors_124_3000,full,ridge,0.0612044239878265,results/tables/physics_ablation/debug_sensors_124_3000/ablation_model_comparison_fixed.csv,0.083586756708791,92,0.1006314001439153,0.0436285430507749,full + ridge
3,1-2-4,debug_sensors_124_3000,no_meta,ridge,0.0635671609371552,results/tables/physics_ablation/debug_sensors_124_3000/ablation_model_comparison_fixed.csv,0.0857249103626131,86,0.1051364627723046,0.0450362673479921,no_meta + ridge
3,1-2-4,debug_sensors_124_3000,physics_no_meta_core,ridge,0.0635671609371552,results/tables/physics_ablation/debug_sensors_124_3000/ablation_model_comparison_fixed.csv,0.0857249103626131,86,0.1051364627723046,0.0450362673479921,physics_no_meta_core + ridge
3,1-2-4,debug_sensors_124_3000,full,elasticnet,0.0663608722923689,results/tables/physics_ablation/debug_sensors_124_3000/ablation_model_comparison_fixed.csv,0.0871141409222235,92,0.1095414534751633,0.0471116975482316,full + elasticnet
3,1-2-4,debug_sensors_124_3000,full,random_forest,0.0669101268117638,results/tables/physics_ablation/debug_sensors_124_3000/ablation_model_comparison_fixed.csv,0.0883418887032202,92,0.1137354278249318,0.046036197444448,full + random_forest
3,1-2-4,debug_sensors_124_3000,no_meta,random_forest,0.067254576634611,results/tables/physics_ablation/debug_sensors_124_3000/ablation_model_comparison_fixed.csv,0.0887395136764423,86,0.115249044475646,0.0458594524163182,no_meta + random_forest
3,1-2-4,debug_sensors_124_3000,physics_no_meta_core,random_forest,0.067254576634611,results/tables/physics_ablation/debug_sensors_124_3000/ablation_model_comparison_fixed.csv,0.0887395136764423,86,0.115249044475646,0.0458594524163182,physics_no_meta_core + random_forest
3,1-2-4,debug_sensors_124_3000,no_meta,elasticnet,0.0682496663279166,results/tables/physics_ablation/debug_sensors_124_3000/ablation_model_comparison_fixed.csv,0.0891878831298846,86,0.1136867350483794,0.0479945875007224,no_meta + elasticnet
3,1-2-4,debug_sensors_124_3000,physics_no_meta_core,elasticnet,0.0682496663279166,results/tables/physics_ablation/debug_sensors_124_3000/ablation_model_comparison_fixed.csv,0.0891878831298846,86,0.1136867350483794,0.0479945875007224,physics_no_meta_core + elasticnet
3,1-2-4,debug_sensors_124_3000,response_correlation,ridge,0.0685868709113981,results/tables/physics_ablation/debug_sensors_124_3000/ablation_model_comparison_fixed.csv,0.089741080880705,59,0.1127321057053081,0.0489076698586912,response_correlation + ridge
3,1-2-4,debug_sensors_124_3000,response_correlation,random_forest,0.0693367375414173,results/tables/physics_ablation/debug_sensors_124_3000/ablation_model_comparison_fixed.csv,0.0901897321450448,59,0.1161470525826902,0.0484694886675968,response_correlation + random_forest
3,1-2-4,debug_sensors_124_3000,response_frequency,random_forest,0.0695999316221293,results/tables/physics_ablation/debug_sensors_124_3000/ablation_model_comparison_fixed.csv,0.0914068778067058,75,0.1184630469607188,0.0478175790013123,response_frequency + random_forest
3,1-2-4,debug_sensors_124_3000,response_correlation,elasticnet,0.0716936607805734,results/tables/physics_ablation/debug_sensors_124_3000/ablation_model_comparison_fixed.csv,0.0921966670957956,59,0.1184690014375064,0.0508420028973624,response_correlation + elasticnet
3,1-2-4,debug_sensors_124_3000,response_basic_only,random_forest,0.0721645729999776,results/tables/physics_ablation/debug_sensors_124_3000/ablation_model_comparison_fixed.csv,0.0938540703906452,52,0.1206319980201035,0.0505586124488371,response_basic_only + random_forest
3,1-2-4,debug_sensors_124_3000,response_spatial,random_forest,0.0722021253246109,results/tables/physics_ablation/debug_sensors_124_3000/ablation_model_comparison_fixed.csv,0.0935524573178629,64,0.120905339596734,0.0504910539020982,response_spatial + random_forest
3,1-2-4,debug_sensors_124_3000,response_frequency,ridge,0.0722207854537387,results/tables/physics_ablation/debug_sensors_124_3000/ablation_model_comparison_fixed.csv,0.0934505249558739,75,0.1192881310611479,0.05123895668899,response_frequency + ridge
3,1-2-4,debug_sensors_124_3000,response_spatial,ridge,0.0732310429735114,results/tables/physics_ablation/debug_sensors_124_3000/ablation_model_comparison_fixed.csv,0.0942005088513487,64,0.1211820198067066,0.0518553063129303,response_spatial + ridge
3,1-2-4,debug_sensors_124_3000,response_basic_only,ridge,0.0734859953348827,results/tables/physics_ablation/debug_sensors_124_3000/ablation_model_comparison_fixed.csv,0.0942697841437372,52,0.1212237910871403,0.0522052912043582,response_basic_only + ridge
3,1-2-4,debug_sensors_124_3000,response_frequency,elasticnet,0.0752420804712635,results/tables/physics_ablation/debug_sensors_124_3000/ablation_model_comparison_fixed.csv,0.0958657456706668,75,0.1247110422391357,0.0531896517313687,response_frequency + elasticnet
3,1-2-4,debug_sensors_124_3000,response_spatial,elasticnet,0.0758814416726467,results/tables/physics_ablation/debug_sensors_124_3000/ablation_model_comparison_fixed.csv,0.0963498157045378,64,0.1254913359941917,0.0537661875775001,response_spatial + elasticnet
3,1-2-4,debug_sensors_124_3000,response_basic_only,elasticnet,0.0761735902102174,results/tables/physics_ablation/debug_sensors_124_3000/ablation_model_comparison_fixed.csv,0.0964287427752712,52,0.1253791955719159,0.0542385613140385,response_basic_only + elasticnet
2,1-4,debug_sensors_14_3000,full,random_forest,0.0763734479441385,results/tables/physics_ablation/debug_sensors_14_3000/ablation_model_comparison_fixed.csv,0.0977174641216894,92,0.126960615881704,0.0538225417551033,full + random_forest
2,1-4,debug_sensors_14_3000,no_meta,random_forest,0.076580612931881,results/tables/physics_ablation/debug_sensors_14_3000/ablation_model_comparison_fixed.csv,0.0979147625742203,86,0.1272057926976158,0.0540127617110113,no_meta + random_forest
2,1-4,debug_sensors_14_3000,physics_no_meta_core,random_forest,0.076580612931881,results/tables/physics_ablation/debug_sensors_14_3000/ablation_model_comparison_fixed.csv,0.0979147625742203,86,0.1272057926976158,0.0540127617110113,physics_no_meta_core + random_forest
2,1-4,debug_sensors_14_3000,response_correlation,random_forest,0.0773810844725398,results/tables/physics_ablation/debug_sensors_14_3000/ablation_model_comparison_fixed.csv,0.0991733982175835,59,0.1282167262818162,0.0547194128226214,response_correlation + random_forest
2,1-4,debug_sensors_14_3000,response_frequency,random_forest,0.0785839018440749,results/tables/physics_ablation/debug_sensors_14_3000/ablation_model_comparison_fixed.csv,0.0999633408252571,75,0.1309628734813242,0.0552342397889156,response_frequency + random_forest
2,1-4,debug_sensors_14_3000,response_spatial,random_forest,0.0787811631761508,results/tables/physics_ablation/debug_sensors_14_3000/ablation_model_comparison_fixed.csv,0.1003854121477659,64,0.1311467348632362,0.0554374745927512,response_spatial + random_forest
2,1-4,debug_sensors_14_3000,full,ridge,0.0788544216564551,results/tables/physics_ablation/debug_sensors_14_3000/ablation_model_comparison_fixed.csv,0.1001716548732497,92,0.1326395337130871,0.0548779259203661,full + ridge
2,1-4,debug_sensors_14_3000,response_basic_only,random_forest,0.0791461099713587,results/tables/physics_ablation/debug_sensors_14_3000/ablation_model_comparison_fixed.csv,0.1008410628932966,52,0.131132951251371,0.0559712530152087,response_basic_only + random_forest
2,1-4,debug_sensors_14_3000,no_meta,ridge,0.0792537861280464,results/tables/physics_ablation/debug_sensors_14_3000/ablation_model_comparison_fixed.csv,0.1003920157814387,86,0.1331441191314553,0.0552303846686955,no_meta + ridge
2,1-4,debug_sensors_14_3000,physics_no_meta_core,ridge,0.0792537861280464,results/tables/physics_ablation/debug_sensors_14_3000/ablation_model_comparison_fixed.csv,0.1003920157814387,86,0.1331441191314553,0.0552303846686955,physics_no_meta_core + ridge
2,1-4,debug_sensors_14_3000,full,elasticnet,0.0796993634548945,results/tables/physics_ablation/debug_sensors_14_3000/ablation_model_comparison_fixed.csv,0.100233994901994,92,0.1327427951977348,0.0560534962924235,full + elasticnet
2,1-4,debug_sensors_14_3000,no_meta,elasticnet,0.0800241779200506,results/tables/physics_ablation/debug_sensors_14_3000/ablation_model_comparison_fixed.csv,0.1005258872683177,86,0.1333181724514107,0.0562666140928178,no_meta + elasticnet
2,1-4,debug_sensors_14_3000,physics_no_meta_core,elasticnet,0.0800241779200506,results/tables/physics_ablation/debug_sensors_14_3000/ablation_model_comparison_fixed.csv,0.1005258872683177,86,0.1333181724514107,0.0562666140928178,physics_no_meta_core + elasticnet
2,1-4,debug_sensors_14_3000,response_frequency,ridge,0.0809056397977261,results/tables/physics_ablation/debug_sensors_14_3000/ablation_model_comparison_fixed.csv,0.1015020772010588,75,0.1340831402525983,0.0572000070648312,response_frequency + ridge
2,1-4,debug_sensors_14_3000,response_frequency,elasticnet,0.0809611001594085,results/tables/physics_ablation/debug_sensors_14_3000/ablation_model_comparison_fixed.csv,0.1012503128179234,75,0.1339068612032646,0.0573587729470871,response_frequency + elasticnet
2,1-4,debug_sensors_14_3000,response_correlation,ridge,0.0813465133564793,results/tables/physics_ablation/debug_sensors_14_3000/ablation_model_comparison_fixed.csv,0.1014803226855959,59,0.1342195428077128,0.0577766086613512,response_correlation + ridge
2,1-4,debug_sensors_14_3000,response_spatial,ridge,0.0816309992644644,results/tables/physics_ablation/debug_sensors_14_3000/ablation_model_comparison_fixed.csv,0.1020326059771651,64,0.1349239757124882,0.0578738892816104,response_spatial + ridge
2,1-4,debug_sensors_14_3000,response_correlation,elasticnet,0.08174175974975,results/tables/physics_ablation/debug_sensors_14_3000/ablation_model_comparison_fixed.csv,0.1016973056766684,59,0.1346874903920192,0.0581394460899433,response_correlation + elasticnet
2,1-4,debug_sensors_14_3000,response_spatial,elasticnet,0.0817900458094386,results/tables/physics_ablation/debug_sensors_14_3000/ablation_model_comparison_fixed.csv,0.1019732823034988,64,0.1350577399404067,0.0580442062570793,response_spatial + elasticnet
2,1-4,debug_sensors_14_3000,response_basic_only,ridge,0.0823038943578281,results/tables/physics_ablation/debug_sensors_14_3000/ablation_model_comparison_fixed.csv,0.1024332559284779,52,0.1356858174454194,0.0585071334633597,response_basic_only + ridge
2,1-4,debug_sensors_14_3000,response_basic_only,elasticnet,0.082502851923208,results/tables/physics_ablation/debug_sensors_14_3000/ablation_model_comparison_fixed.csv,0.1024395753335744,52,0.135877144276741,0.0587094926812716,response_basic_only + elasticnet
1,4,debug_sensors_4_3000,full,random_forest,0.0801413755624158,results/tables/physics_ablation/debug_sensors_4_3000/ablation_model_comparison_fixed.csv,0.1010899983378665,92,0.1322971086412988,0.0568912294911065,full + random_forest
1,4,debug_sensors_4_3000,no_meta,random_forest,0.0807269013686337,results/tables/physics_ablation/debug_sensors_4_3000/ablation_model_comparison_fixed.csv,0.10140304522908,86,0.1328086421350111,0.0575097398221764,no_meta + random_forest
1,4,debug_sensors_4_3000,physics_no_meta_core,random_forest,0.0807269013686338,results/tables/physics_ablation/debug_sensors_4_3000/ablation_model_comparison_fixed.csv,0.10140304522908,86,0.1328086421350111,0.0575097398221764,physics_no_meta_core + random_forest
1,4,debug_sensors_4_3000,response_correlation,random_forest,0.0827946188421359,results/tables/physics_ablation/debug_sensors_4_3000/ablation_model_comparison_fixed.csv,0.1030484431074085,59,0.1370362223564255,0.0586146269140791,response_correlation + random_forest
1,4,debug_sensors_4_3000,response_frequency,random_forest,0.0830877811408361,results/tables/physics_ablation/debug_sensors_4_3000/ablation_model_comparison_fixed.csv,0.1032643510121053,75,0.1373282226889408,0.0589083071977051,response_frequency + random_forest
1,4,debug_sensors_4_3000,response_spatial,random_forest,0.0832160772648392,results/tables/physics_ablation/debug_sensors_4_3000/ablation_model_comparison_fixed.csv,0.1035185125198667,64,0.1373892711917034,0.05906658117696,response_spatial + random_forest
1,4,debug_sensors_4_3000,response_basic_only,random_forest,0.0834239549112807,results/tables/physics_ablation/debug_sensors_4_3000/ablation_model_comparison_fixed.csv,0.103679011231935,52,0.1377509763404076,0.0592058851175736,response_basic_only + random_forest
1,4,debug_sensors_4_3000,full,ridge,0.0845468081788585,results/tables/physics_ablation/debug_sensors_4_3000/ablation_model_comparison_fixed.csv,0.1045700583773367,92,0.1395537603988766,0.0600256367072842,full + ridge
1,4,debug_sensors_4_3000,no_meta,ridge,0.0846191620153005,results/tables/physics_ablation/debug_sensors_4_3000/ablation_model_comparison_fixed.csv,0.1045246569852187,86,0.1394405921358499,0.0601806931663808,no_meta + ridge
1,4,debug_sensors_4_3000,physics_no_meta_core,ridge,0.0846191620153005,results/tables/physics_ablation/debug_sensors_4_3000/ablation_model_comparison_fixed.csv,0.1045246569852187,86,0.1394405921358499,0.0601806931663808,physics_no_meta_core + ridge
1,4,debug_sensors_4_3000,response_frequency,ridge,0.0846337874777485,results/tables/physics_ablation/debug_sensors_4_3000/ablation_model_comparison_fixed.csv,0.1045518217758096,75,0.1394498332712718,0.0601977188709971,response_frequency + ridge
1,4,debug_sensors_4_3000,response_spatial,ridge,0.0846842726617233,results/tables/physics_ablation/debug_sensors_4_3000/ablation_model_comparison_fixed.csv,0.1046153172732829,64,0.1395233927560733,0.0602379179208685,response_spatial + ridge
1,4,debug_sensors_4_3000,full,elasticnet,0.0846891084449537,results/tables/physics_ablation/debug_sensors_4_3000/ablation_model_comparison_fixed.csv,0.1045986768988607,92,0.139646973478428,0.0601898192131639,full + elasticnet
1,4,debug_sensors_4_3000,no_meta,elasticnet,0.084717214158457,results/tables/physics_ablation/debug_sensors_4_3000/ablation_model_comparison_fixed.csv,0.1046217712498865,86,0.1396806986723312,0.0602154198570914,no_meta + elasticnet
1,4,debug_sensors_4_3000,physics_no_meta_core,elasticnet,0.084717214158457,results/tables/physics_ablation/debug_sensors_4_3000/ablation_model_comparison_fixed.csv,0.1046217712498865,86,0.1396806986723312,0.0602154198570914,physics_no_meta_core + elasticnet
1,4,debug_sensors_4_3000,response_spatial,elasticnet,0.084717214158457,results/tables/physics_ablation/debug_sensors_4_3000/ablation_model_comparison_fixed.csv,0.1046217712498865,64,0.1396806986723312,0.0602154198570914,response_spatial + elasticnet
1,4,debug_sensors_4_3000,response_frequency,elasticnet,0.0847202440391111,results/tables/physics_ablation/debug_sensors_4_3000/ablation_model_comparison_fixed.csv,0.1046247831693051,75,0.1396882261451968,0.0602164447870006,response_frequency + elasticnet
1,4,debug_sensors_4_3000,response_basic_only,elasticnet,0.0847349976456713,results/tables/physics_ablation/debug_sensors_4_3000/ablation_model_comparison_fixed.csv,0.1046341874429015,52,0.1397051746741317,0.060230219934189,response_basic_only + elasticnet
1,4,debug_sensors_4_3000,response_correlation,elasticnet,0.0847349976456713,results/tables/physics_ablation/debug_sensors_4_3000/ablation_model_comparison_fixed.csv,0.1046341874429015,59,0.1397051746741317,0.060230219934189,response_correlation + elasticnet
1,4,debug_sensors_4_3000,response_basic_only,ridge,0.0847817251189234,results/tables/physics_ablation/debug_sensors_4_3000/ablation_model_comparison_fixed.csv,0.1046813991398299,52,0.1396129249508473,0.0603389010974634,response_basic_only + ridge
1,4,debug_sensors_4_3000,response_correlation,ridge,0.0847854527013648,results/tables/physics_ablation/debug_sensors_4_3000/ablation_model_comparison_fixed.csv,0.1046809588582182,59,0.1396019448422409,0.0603491851204923,response_correlation + ridge
