seed,model,damage_bin,n_entries,mae,rmse,bias,mean_true,mean_prediction,underestimation_ratio
0,rbf_svr,high,278,0.066538033196789,0.0888759229174193,-0.0530844858359839,0.2749521458256768,0.2218676599896928,0.7841726618705036
0,rbf_svr,low,105,0.0273015753671486,0.0349994513863053,-0.0081113246721728,0.0738380599432733,0.0657267352711005,0.5714285714285714
0,rbf_svr,medium,172,0.0439691708971335,0.0556844669006516,-0.0360183654992094,0.1526869483140915,0.1166685828148821,0.8255813953488372
0,rbf_svr,zero,1245,0.0223742689767685,0.0355193234533754,0.0223742689767685,0.0,0.0223742689767685,
0,ridge,high,278,0.093500657467697,0.1126131260988783,-0.0799782953653958,0.2749521458256768,0.194973850460281,0.8669064748201439
0,ridge,low,105,0.0280182200461975,0.0358307844964311,-0.0028295508249566,0.0738380599432733,0.0710085091183167,0.6095238095238096
0,ridge,medium,172,0.0573164418650417,0.069929791668311,-0.0476308519562314,0.1526869483140915,0.1050560963578601,0.8837209302325582
0,ridge,zero,1245,0.0331274927363564,0.047020199292102,0.0331274927363564,0.0,0.0331274927363564,
1,rbf_svr,high,268,0.0541436548462247,0.0739968030038155,-0.0393857825073635,0.2700001780262528,0.2306143955188894,0.7350746268656716
1,rbf_svr,low,108,0.0330701427888917,0.0472469902883929,-0.0012632550958462,0.0745221032801394,0.0732588481842931,0.5462962962962963
1,rbf_svr,medium,171,0.0429088860172503,0.0579752082287313,-0.0317952968051513,0.1506577508501173,0.118862454044966,0.7894736842105263
1,rbf_svr,zero,1253,0.0237668405044165,0.039750423199373,0.0237668405044165,0.0,0.0237668405044165,
1,ridge,high,268,0.0984500646981939,0.114756152582905,-0.0884942159814567,0.2700001780262528,0.1815059620447961,0.8955223880597015
1,ridge,low,108,0.036917896809645,0.0576947551433307,0.0043621327406561,0.0745221032801394,0.0788842360207955,0.4907407407407407
1,ridge,medium,171,0.0513178008458631,0.06235086750158,-0.0443504076711041,0.1506577508501173,0.1063073431790131,0.8830409356725146
1,ridge,zero,1253,0.0342218304456883,0.0473459961400641,0.0342218304456883,0.0,0.0342218304456883,
2,rbf_svr,high,274,0.0624776250946147,0.0830988670556793,-0.049054706967888,0.2754441227220762,0.2263894157541881,0.7627737226277372
2,rbf_svr,low,98,0.0248116024926684,0.0315500412358969,-0.0029504488047657,0.0752320998684876,0.0722816510637218,0.5306122448979592
2,rbf_svr,medium,159,0.0422890788021422,0.0537802476308206,-0.0339933314028572,0.1518014245121081,0.1178080931092508,0.7924528301886793
2,rbf_svr,zero,1269,0.0263951636797819,0.0434487480289106,0.0263951636797819,0.0,0.0263951636797819,
2,ridge,high,274,0.0989274642853243,0.1188060065851824,-0.0853340190689479,0.2754441227220762,0.1901101036531283,0.8722627737226277
2,ridge,low,98,0.0326476043554993,0.0401777636367243,-0.0017939337500797,0.0752320998684876,0.0734381661184078,0.5102040816326531
2,ridge,medium,159,0.0551133099822848,0.0675362322262415,-0.0447918488039075,0.1518014245121081,0.1070095757082005,0.8238993710691824
2,ridge,zero,1269,0.0333114615585855,0.0470682704460445,0.0333114615585855,0.0,0.0333114615585855,
3,rbf_svr,high,284,0.0635824540694144,0.0871062640798638,-0.0495120299264992,0.2706592621637157,0.2211472322372165,0.7394366197183099
3,rbf_svr,low,95,0.0298814429389963,0.0387257685561019,-0.0105301679783281,0.0721037013698997,0.0615735333915715,0.6
3,rbf_svr,medium,152,0.0392845235566916,0.0494314236382349,-0.0295322885239081,0.1490145777339011,0.1194822892099929,0.743421052631579
3,rbf_svr,zero,1269,0.0219369049301698,0.0370640655786065,0.0219369049301698,0.0,0.0219369049301698,
3,ridge,high,284,0.0931631058746048,0.1133991728799478,-0.0847171622553306,0.2706592621637157,0.185942099908385,0.897887323943662
3,ridge,low,95,0.0329817910184835,0.0416663199484492,-0.0063151666717719,0.0721037013698997,0.0657885346981277,0.5578947368421052
3,ridge,medium,152,0.051948488523334,0.062530445841183,-0.0375233570198191,0.1490145777339011,0.1114912207140819,0.7828947368421053
3,ridge,zero,1269,0.0325803128750858,0.0453466601496386,0.0325803128750858,0.0,0.0325803128750858,
4,rbf_svr,high,280,0.0694755379976392,0.0927619036107289,-0.0607541353784315,0.2774481460961099,0.2166940107176784,0.8214285714285714
4,rbf_svr,low,118,0.0291175765953506,0.0359111924323953,-0.0088783359353883,0.0770831461105417,0.0682048101751534,0.635593220338983
4,rbf_svr,medium,166,0.0437914615280473,0.0560080304936588,-0.0343812124933743,0.1525981897354196,0.1182169772420453,0.7831325301204819
4,rbf_svr,zero,1236,0.02423827592566,0.0371449899853491,0.02423827592566,0.0,0.02423827592566,
4,ridge,high,280,0.1005533222096303,0.1206722690667539,-0.0900538089896046,0.2774481460961099,0.1873943371065052,0.8857142857142857
4,ridge,low,118,0.0329000620133861,0.0432153444089115,-0.0064386987153464,0.0770831461105417,0.0706444473951953,0.6101694915254238
4,ridge,medium,166,0.0529206799542626,0.0655197267069005,-0.0457859783611429,0.1525981897354196,0.1068122113742766,0.8493975903614458
4,ridge,zero,1236,0.0347049081403138,0.0476679853797176,0.0347049081403138,0.0,0.0347049081403138,
5,rbf_svr,high,281,0.0486209794119639,0.0682359332434168,-0.0345429783446974,0.276009544380537,0.2414665660358395,0.7295373665480427
5,rbf_svr,low,110,0.0339848078728649,0.0464584057894774,-0.0001570344391442,0.0740682404267888,0.0739112059876445,0.5363636363636364
5,rbf_svr,medium,158,0.0406081828745416,0.0536086274041836,-0.024600792146989,0.1518715059540506,0.1272707138070615,0.7341772151898734
5,rbf_svr,zero,1251,0.0228701167751999,0.039178239115001,0.0228701167751999,0.0,0.0228701167751999,
5,ridge,high,281,0.0916894569561933,0.1123066381994541,-0.0803502806995308,0.276009544380537,0.1956592636810061,0.8718861209964412
5,ridge,low,110,0.0326507259373237,0.0415619873355612,-0.00414510368884,0.0740682404267888,0.0699231367379487,0.5636363636363636
5,ridge,medium,158,0.0560054765502306,0.0679207284318205,-0.0430919506569528,0.1518715059540506,0.1087795552970977,0.810126582278481
5,ridge,zero,1251,0.0330923376435743,0.0469734077203541,0.0330923376435743,0.0,0.0330923376435743,
6,rbf_svr,high,279,0.0613433194084353,0.086296245457361,-0.0487322883651747,0.2720035147652843,0.2232712264001095,0.7383512544802867
6,rbf_svr,low,83,0.0334338734436361,0.0440957688971002,-0.0014492556222211,0.0745656893492805,0.0731164337270594,0.5542168674698795
6,rbf_svr,medium,174,0.0395163185056582,0.0566813171268859,-0.0267692093451426,0.1477264260136244,0.1209572166684818,0.7701149425287356
6,rbf_svr,zero,1264,0.0247190624512467,0.0404517984886034,0.0247190624512467,0.0,0.0247190624512467,
6,ridge,high,279,0.0936596557804817,0.1120686738936667,-0.0812494901377468,0.2720035147652843,0.1907540246275374,0.8602150537634409
6,ridge,low,83,0.0308556569216339,0.0374769890943924,-0.0033409131978512,0.0745656893492805,0.0712247761514293,0.5421686746987951
6,ridge,medium,174,0.0527935550198996,0.064914565560677,-0.0454549211084894,0.1477264260136244,0.102271504905135,0.8218390804597702
6,ridge,zero,1264,0.0340325556963893,0.0475313029506384,0.0340325556963893,0.0,0.0340325556963893,
7,rbf_svr,high,270,0.0645279556222223,0.0875415702314612,-0.0521196815861022,0.2733204295763381,0.2212007479902359,0.7777777777777778
7,rbf_svr,low,79,0.0302631220857139,0.0379510299261554,-0.0054069363265797,0.0751143458463546,0.0697074095197749,0.5569620253164557
7,rbf_svr,medium,187,0.0446124865420334,0.0559169057042875,-0.0337112614466401,0.1478856411913177,0.1141743797446776,0.7486631016042781
7,rbf_svr,zero,1264,0.021317374660371,0.0346203805919572,0.021317374660371,0.0,0.021317374660371,
7,ridge,high,270,0.0923430780347773,0.1113657278137956,-0.0785088441630031,0.2733204295763381,0.194811585413335,0.8407407407407408
7,ridge,low,79,0.0355100217905262,0.0428806394682296,-0.0047491274763376,0.0751143458463546,0.0703652183700169,0.5063291139240507
7,ridge,medium,187,0.0558110521556387,0.0682087555144434,-0.0416295913757958,0.1478856411913177,0.1062560498155218,0.8021390374331551
7,ridge,zero,1264,0.0333612761071253,0.0459876578548268,0.0333612761071253,0.0,0.0333612761071253,
8,rbf_svr,high,272,0.0587073034273382,0.0771847776566551,-0.0467868330281333,0.273185974200254,0.2263991411721206,0.7720588235294118
8,rbf_svr,low,101,0.0302247854179767,0.0376433437370716,-0.0080402475043862,0.0744987201162588,0.0664584726118725,0.6039603960396039
8,rbf_svr,medium,178,0.0473526601273112,0.0603030970510918,-0.0391383269595302,0.1504724318184661,0.1113341048589358,0.7921348314606742
8,rbf_svr,zero,1249,0.0245346545514915,0.0399046679241745,0.0245346545514915,0.0,0.0245346545514915,
8,ridge,high,272,0.0972901671881684,0.112479316656585,-0.0828622772366859,0.273185974200254,0.190323696963568,0.875
8,ridge,low,101,0.0297489709133947,0.0365164330444636,-0.0066081051076669,0.0744987201162588,0.0678906150085918,0.6435643564356436
8,ridge,medium,178,0.0591234162739689,0.0709661570208553,-0.0490313341297325,0.1504724318184661,0.1014410976887335,0.8539325842696629
8,ridge,zero,1249,0.0340136436602987,0.0467571371343212,0.0340136436602987,0.0,0.0340136436602987,
9,rbf_svr,high,284,0.0539569840855224,0.0742058718808786,-0.0403510433410502,0.2732509875572612,0.2328999442162109,0.75
9,rbf_svr,low,101,0.0308664692327534,0.041900160035426,-0.0061845712162694,0.0743615446680978,0.0681769734518284,0.594059405940594
9,rbf_svr,medium,182,0.0418055093233961,0.062609110004045,-0.0240528057137241,0.1516080147473655,0.1275552090336414,0.7857142857142857
9,rbf_svr,zero,1233,0.0242036811958597,0.0459371674869406,0.0242036811958597,0.0,0.0242036811958597,
9,ridge,high,284,0.0875884126199696,0.1040954415909059,-0.0764895083814283,0.2732509875572612,0.1967614791758328,0.8767605633802817
9,ridge,low,101,0.034375305251335,0.0448732240520759,0.0007537538515469,0.0743615446680978,0.0751152985196447,0.5247524752475248
9,ridge,medium,182,0.05238723941709,0.0642936772413209,-0.0420577931576767,0.1516080147473655,0.1095502215896888,0.8241758241758241
9,ridge,zero,1233,0.0326816131968045,0.0452689301049112,0.0326816131968045,0.0,0.0326816131968045,
