noise_level,noise_percent,feature_index,feature_name,n_replicates,signed_mean_delta_z_mean,signed_mean_delta_z_std,mean_abs_delta_z_mean,mean_abs_delta_z_std,median_abs_delta_z_mean,median_abs_delta_z_std,rms_delta_z_mean,rms_delta_z_std,p95_abs_delta_z_mean,p95_abs_delta_z_std,fraction_abs_delta_z_gt_1_mean,fraction_abs_delta_z_gt_1_std,fraction_abs_delta_z_gt_2_mean,fraction_abs_delta_z_gt_2_std,rank_by_mean_abs_shift
0.0,0,0,story_1_mean,1,0.0,0.0,0.0,0.0,0.0,0.0,0.0,0.0,0.0,0.0,0.0,0.0,0.0,0.0,1
0.0,0,1,story_1_std,1,0.0,0.0,0.0,0.0,0.0,0.0,0.0,0.0,0.0,0.0,0.0,0.0,0.0,0.0,2
0.0,0,2,story_1_max_abs,1,0.0,0.0,0.0,0.0,0.0,0.0,0.0,0.0,0.0,0.0,0.0,0.0,0.0,0.0,3
0.0,0,3,story_1_rms,1,0.0,0.0,0.0,0.0,0.0,0.0,0.0,0.0,0.0,0.0,0.0,0.0,0.0,0.0,4
0.0,0,4,story_1_peak_to_peak,1,0.0,0.0,0.0,0.0,0.0,0.0,0.0,0.0,0.0,0.0,0.0,0.0,0.0,0.0,5
0.0,0,5,story_1_crest_factor,1,0.0,0.0,0.0,0.0,0.0,0.0,0.0,0.0,0.0,0.0,0.0,0.0,0.0,0.0,6
0.0,0,6,story_2_mean,1,0.0,0.0,0.0,0.0,0.0,0.0,0.0,0.0,0.0,0.0,0.0,0.0,0.0,0.0,7
0.0,0,7,story_2_std,1,0.0,0.0,0.0,0.0,0.0,0.0,0.0,0.0,0.0,0.0,0.0,0.0,0.0,0.0,8
0.0,0,8,story_2_max_abs,1,0.0,0.0,0.0,0.0,0.0,0.0,0.0,0.0,0.0,0.0,0.0,0.0,0.0,0.0,9
0.0,0,9,story_2_rms,1,0.0,0.0,0.0,0.0,0.0,0.0,0.0,0.0,0.0,0.0,0.0,0.0,0.0,0.0,10
0.0,0,10,story_2_peak_to_peak,1,0.0,0.0,0.0,0.0,0.0,0.0,0.0,0.0,0.0,0.0,0.0,0.0,0.0,0.0,11
0.0,0,11,story_2_crest_factor,1,0.0,0.0,0.0,0.0,0.0,0.0,0.0,0.0,0.0,0.0,0.0,0.0,0.0,0.0,12
0.0,0,12,story_3_mean,1,0.0,0.0,0.0,0.0,0.0,0.0,0.0,0.0,0.0,0.0,0.0,0.0,0.0,0.0,13
0.0,0,13,story_3_std,1,0.0,0.0,0.0,0.0,0.0,0.0,0.0,0.0,0.0,0.0,0.0,0.0,0.0,0.0,14
0.0,0,14,story_3_max_abs,1,0.0,0.0,0.0,0.0,0.0,0.0,0.0,0.0,0.0,0.0,0.0,0.0,0.0,0.0,15
0.0,0,15,story_3_rms,1,0.0,0.0,0.0,0.0,0.0,0.0,0.0,0.0,0.0,0.0,0.0,0.0,0.0,0.0,16
0.0,0,16,story_3_peak_to_peak,1,0.0,0.0,0.0,0.0,0.0,0.0,0.0,0.0,0.0,0.0,0.0,0.0,0.0,0.0,17
0.0,0,17,story_3_crest_factor,1,0.0,0.0,0.0,0.0,0.0,0.0,0.0,0.0,0.0,0.0,0.0,0.0,0.0,0.0,18
0.0,0,18,story_4_mean,1,0.0,0.0,0.0,0.0,0.0,0.0,0.0,0.0,0.0,0.0,0.0,0.0,0.0,0.0,19
0.0,0,19,story_4_std,1,0.0,0.0,0.0,0.0,0.0,0.0,0.0,0.0,0.0,0.0,0.0,0.0,0.0,0.0,20
0.0,0,20,story_4_max_abs,1,0.0,0.0,0.0,0.0,0.0,0.0,0.0,0.0,0.0,0.0,0.0,0.0,0.0,0.0,21
0.0,0,21,story_4_rms,1,0.0,0.0,0.0,0.0,0.0,0.0,0.0,0.0,0.0,0.0,0.0,0.0,0.0,0.0,22
0.0,0,22,story_4_peak_to_peak,1,0.0,0.0,0.0,0.0,0.0,0.0,0.0,0.0,0.0,0.0,0.0,0.0,0.0,0.0,23
0.0,0,23,story_4_crest_factor,1,0.0,0.0,0.0,0.0,0.0,0.0,0.0,0.0,0.0,0.0,0.0,0.0,0.0,0.0,24
0.0,0,24,ground_max_abs,1,0.0,0.0,0.0,0.0,0.0,0.0,0.0,0.0,0.0,0.0,0.0,0.0,0.0,0.0,25
0.0,0,25,ground_rms,1,0.0,0.0,0.0,0.0,0.0,0.0,0.0,0.0,0.0,0.0,0.0,0.0,0.0,0.0,26
0.0,0,26,story_1_max_ground_amplification,1,0.0,0.0,0.0,0.0,0.0,0.0,0.0,0.0,0.0,0.0,0.0,0.0,0.0,0.0,27
0.0,0,27,story_1_rms_ground_amplification,1,0.0,0.0,0.0,0.0,0.0,0.0,0.0,0.0,0.0,0.0,0.0,0.0,0.0,0.0,28
0.0,0,28,story_2_max_ground_amplification,1,0.0,0.0,0.0,0.0,0.0,0.0,0.0,0.0,0.0,0.0,0.0,0.0,0.0,0.0,29
0.0,0,29,story_2_rms_ground_amplification,1,0.0,0.0,0.0,0.0,0.0,0.0,0.0,0.0,0.0,0.0,0.0,0.0,0.0,0.0,30
0.0,0,30,story_3_max_ground_amplification,1,0.0,0.0,0.0,0.0,0.0,0.0,0.0,0.0,0.0,0.0,0.0,0.0,0.0,0.0,31
0.0,0,31,story_3_rms_ground_amplification,1,0.0,0.0,0.0,0.0,0.0,0.0,0.0,0.0,0.0,0.0,0.0,0.0,0.0,0.0,32
0.0,0,32,story_4_max_ground_amplification,1,0.0,0.0,0.0,0.0,0.0,0.0,0.0,0.0,0.0,0.0,0.0,0.0,0.0,0.0,33
0.0,0,33,story_4_rms_ground_amplification,1,0.0,0.0,0.0,0.0,0.0,0.0,0.0,0.0,0.0,0.0,0.0,0.0,0.0,0.0,34
0.0,0,34,story_1_relative_to_lower_max_abs,1,0.0,0.0,0.0,0.0,0.0,0.0,0.0,0.0,0.0,0.0,0.0,0.0,0.0,0.0,35
0.0,0,35,story_1_relative_to_lower_rms,1,0.0,0.0,0.0,0.0,0.0,0.0,0.0,0.0,0.0,0.0,0.0,0.0,0.0,0.0,36
0.0,0,36,story_2_relative_to_lower_max_abs,1,0.0,0.0,0.0,0.0,0.0,0.0,0.0,0.0,0.0,0.0,0.0,0.0,0.0,0.0,37
0.0,0,37,story_2_relative_to_lower_rms,1,0.0,0.0,0.0,0.0,0.0,0.0,0.0,0.0,0.0,0.0,0.0,0.0,0.0,0.0,38
0.0,0,38,story_3_relative_to_lower_max_abs,1,0.0,0.0,0.0,0.0,0.0,0.0,0.0,0.0,0.0,0.0,0.0,0.0,0.0,0.0,39
0.0,0,39,story_3_relative_to_lower_rms,1,0.0,0.0,0.0,0.0,0.0,0.0,0.0,0.0,0.0,0.0,0.0,0.0,0.0,0.0,40
0.0,0,40,story_4_relative_to_lower_max_abs,1,0.0,0.0,0.0,0.0,0.0,0.0,0.0,0.0,0.0,0.0,0.0,0.0,0.0,0.0,41
0.0,0,41,story_4_relative_to_lower_rms,1,0.0,0.0,0.0,0.0,0.0,0.0,0.0,0.0,0.0,0.0,0.0,0.0,0.0,0.0,42
0.0,0,42,story_2_to_story_1_max_abs_ratio,1,0.0,0.0,0.0,0.0,0.0,0.0,0.0,0.0,0.0,0.0,0.0,0.0,0.0,0.0,43
0.0,0,43,story_2_to_story_1_rms_ratio,1,0.0,0.0,0.0,0.0,0.0,0.0,0.0,0.0,0.0,0.0,0.0,0.0,0.0,0.0,44
0.0,0,44,story_3_to_story_2_max_abs_ratio,1,0.0,0.0,0.0,0.0,0.0,0.0,0.0,0.0,0.0,0.0,0.0,0.0,0.0,0.0,45
0.0,0,45,story_3_to_story_2_rms_ratio,1,0.0,0.0,0.0,0.0,0.0,0.0,0.0,0.0,0.0,0.0,0.0,0.0,0.0,0.0,46
0.0,0,46,story_4_to_story_3_max_abs_ratio,1,0.0,0.0,0.0,0.0,0.0,0.0,0.0,0.0,0.0,0.0,0.0,0.0,0.0,0.0,47
0.0,0,47,story_4_to_story_3_rms_ratio,1,0.0,0.0,0.0,0.0,0.0,0.0,0.0,0.0,0.0,0.0,0.0,0.0,0.0,0.0,48
0.0,0,48,story_1_max_abs_spatial_fraction,1,0.0,0.0,0.0,0.0,0.0,0.0,0.0,0.0,0.0,0.0,0.0,0.0,0.0,0.0,49
0.0,0,49,story_1_rms_spatial_fraction,1,0.0,0.0,0.0,0.0,0.0,0.0,0.0,0.0,0.0,0.0,0.0,0.0,0.0,0.0,50
0.0,0,50,story_2_max_abs_spatial_fraction,1,0.0,0.0,0.0,0.0,0.0,0.0,0.0,0.0,0.0,0.0,0.0,0.0,0.0,0.0,51
0.0,0,51,story_2_rms_spatial_fraction,1,0.0,0.0,0.0,0.0,0.0,0.0,0.0,0.0,0.0,0.0,0.0,0.0,0.0,0.0,52
0.0,0,52,story_3_max_abs_spatial_fraction,1,0.0,0.0,0.0,0.0,0.0,0.0,0.0,0.0,0.0,0.0,0.0,0.0,0.0,0.0,53
0.0,0,53,story_3_rms_spatial_fraction,1,0.0,0.0,0.0,0.0,0.0,0.0,0.0,0.0,0.0,0.0,0.0,0.0,0.0,0.0,54
0.0,0,54,story_4_max_abs_spatial_fraction,1,0.0,0.0,0.0,0.0,0.0,0.0,0.0,0.0,0.0,0.0,0.0,0.0,0.0,0.0,55
0.0,0,55,story_4_rms_spatial_fraction,1,0.0,0.0,0.0,0.0,0.0,0.0,0.0,0.0,0.0,0.0,0.0,0.0,0.0,0.0,56
0.0,0,56,ground_dominant_frequency,1,0.0,0.0,0.0,0.0,0.0,0.0,0.0,0.0,0.0,0.0,0.0,0.0,0.0,0.0,57
0.0,0,57,ground_spectral_centroid,1,0.0,0.0,0.0,0.0,0.0,0.0,0.0,0.0,0.0,0.0,0.0,0.0,0.0,0.0,58
0.0,0,58,ground_band_energy,1,0.0,0.0,0.0,0.0,0.0,0.0,0.0,0.0,0.0,0.0,0.0,0.0,0.0,0.0,59
0.0,0,59,story_1_dominant_frequency,1,0.0,0.0,0.0,0.0,0.0,0.0,0.0,0.0,0.0,0.0,0.0,0.0,0.0,0.0,60
0.0,0,60,story_1_spectral_centroid,1,0.0,0.0,0.0,0.0,0.0,0.0,0.0,0.0,0.0,0.0,0.0,0.0,0.0,0.0,61
0.0,0,61,story_1_band_energy,1,0.0,0.0,0.0,0.0,0.0,0.0,0.0,0.0,0.0,0.0,0.0,0.0,0.0,0.0,62
0.0,0,62,story_2_dominant_frequency,1,0.0,0.0,0.0,0.0,0.0,0.0,0.0,0.0,0.0,0.0,0.0,0.0,0.0,0.0,63
0.0,0,63,story_2_spectral_centroid,1,0.0,0.0,0.0,0.0,0.0,0.0,0.0,0.0,0.0,0.0,0.0,0.0,0.0,0.0,64
0.0,0,64,story_2_band_energy,1,0.0,0.0,0.0,0.0,0.0,0.0,0.0,0.0,0.0,0.0,0.0,0.0,0.0,0.0,65
0.0,0,65,story_3_dominant_frequency,1,0.0,0.0,0.0,0.0,0.0,0.0,0.0,0.0,0.0,0.0,0.0,0.0,0.0,0.0,66
0.0,0,66,story_3_spectral_centroid,1,0.0,0.0,0.0,0.0,0.0,0.0,0.0,0.0,0.0,0.0,0.0,0.0,0.0,0.0,67
0.0,0,67,story_3_band_energy,1,0.0,0.0,0.0,0.0,0.0,0.0,0.0,0.0,0.0,0.0,0.0,0.0,0.0,0.0,68
0.0,0,68,story_4_dominant_frequency,1,0.0,0.0,0.0,0.0,0.0,0.0,0.0,0.0,0.0,0.0,0.0,0.0,0.0,0.0,69
0.0,0,69,story_4_spectral_centroid,1,0.0,0.0,0.0,0.0,0.0,0.0,0.0,0.0,0.0,0.0,0.0,0.0,0.0,0.0,70
0.0,0,70,story_4_band_energy,1,0.0,0.0,0.0,0.0,0.0,0.0,0.0,0.0,0.0,0.0,0.0,0.0,0.0,0.0,71
0.0,0,71,story_1_ground_correlation,1,0.0,0.0,0.0,0.0,0.0,0.0,0.0,0.0,0.0,0.0,0.0,0.0,0.0,0.0,72
0.0,0,72,story_2_ground_correlation,1,0.0,0.0,0.0,0.0,0.0,0.0,0.0,0.0,0.0,0.0,0.0,0.0,0.0,0.0,73
0.0,0,73,story_3_ground_correlation,1,0.0,0.0,0.0,0.0,0.0,0.0,0.0,0.0,0.0,0.0,0.0,0.0,0.0,0.0,74
0.0,0,74,story_4_ground_correlation,1,0.0,0.0,0.0,0.0,0.0,0.0,0.0,0.0,0.0,0.0,0.0,0.0,0.0,0.0,75
0.0,0,75,story_2_story_1_correlation,1,0.0,0.0,0.0,0.0,0.0,0.0,0.0,0.0,0.0,0.0,0.0,0.0,0.0,0.0,76
0.0,0,76,story_3_story_2_correlation,1,0.0,0.0,0.0,0.0,0.0,0.0,0.0,0.0,0.0,0.0,0.0,0.0,0.0,0.0,77
0.0,0,77,story_4_story_3_correlation,1,0.0,0.0,0.0,0.0,0.0,0.0,0.0,0.0,0.0,0.0,0.0,0.0,0.0,0.0,78
0.05,5,60,story_1_spectral_centroid,5,0.2907734023844188,0.0029474852470234,0.2917884155725548,0.0028232070220706,0.1108778130488664,0.0045806435170454,0.4867727086915023,0.0044867225715549,1.205141775847188,0.0248446976308431,0.0791111111111111,0.0046080980785172,0.0031111111111111,0.0012171612389003,1
0.05,5,40,story_4_relative_to_lower_max_abs,5,0.2543174366378186,0.0046920749121873,0.2574771342357733,0.0051815027878227,0.0638701464027042,0.0011108358045901,0.5700823016373736,0.0149332404524058,1.3051615529120646,0.0901863840283131,0.0706666666666666,0.0065546138683345,0.0288888888888888,0.002721655269759,2
0.05,5,5,story_1_crest_factor,5,0.1555823913809519,0.0082658019960846,0.1933801147695646,0.006323395975493,0.0971700108621587,0.0045538529687519,0.3032086443139906,0.0118051216610832,0.7381884597680702,0.0296758057764472,0.0106666666666666,0.0036514837167011,0.0,0.0,3
0.05,5,38,story_3_relative_to_lower_max_abs,5,0.1575637915679771,0.0053105396223669,0.1587065054475928,0.0051296431426891,0.0445165874346462,0.0019714974800467,0.3400270884605081,0.0152597796518822,0.782305524738803,0.0770271157728376,0.0364444444444444,0.0033701668640229,0.0022222222222222,0.0022222222222222,4
0.05,5,23,story_4_crest_factor,5,0.1423771838160448,0.006538445356513,0.1542581500293516,0.0043807923021291,0.1426479489338476,0.0047388768641567,0.183016027068313,0.0045482649182151,0.3305810889774781,0.012008243827167,0.0,0.0,0.0,0.0,5
0.05,5,63,story_2_spectral_centroid,5,0.1476513626273567,0.0009774112384111,0.1482660558715952,0.000903643616398,0.1158303802468022,0.0049423127332184,0.1877102750874708,0.0013459471792981,0.3809481799999041,0.0067272216007053,0.0,0.0,0.0,0.0,6
0.05,5,26,story_1_max_ground_amplification,5,0.1319042685635102,0.0042146154877522,0.1432096133365664,0.0040485375928454,0.0385716597758041,0.0020627116912515,0.302066470425574,0.0091037878467681,0.8146928574696222,0.032602750279167,0.0311111111111111,0.0015713484026367,0.0,0.0,7
0.05,5,34,story_1_relative_to_lower_max_abs,5,0.1241733329777187,0.001369351163855,0.1316190465131601,0.0021915451986586,0.033580322853029,0.0022321811838002,0.2933558565296318,0.0101470069869917,0.675420345078828,0.0293758680521801,0.0248888888888888,0.001859244503409,0.0008888888888888,0.0012171612389003,8
0.05,5,36,story_2_relative_to_lower_max_abs,5,0.1243974203018365,0.0011672486005883,0.1250365563840773,0.0011136581735775,0.0391644827527478,0.0024946202823655,0.2631852725745006,0.0040954517574899,0.5997234239774423,0.0231710862931664,0.0182222222222222,0.0032960882164869,0.0004444444444444,0.0009938079899999,9
0.05,5,0,story_1_mean,5,-0.0023809630472384,0.0047017438435263,0.1232336952697774,0.0026470313878634,0.0474307797435484,0.001299203972031,0.281498122167552,0.0192470758174537,0.4871414023790651,0.0237832705011524,0.0164444444444444,0.0040368671387966,0.0031111111111111,0.0025337231668869,10
0.05,5,2,story_1_max_abs,5,0.1127774851757544,0.0034160321603598,0.1213924452753814,0.0032126970373929,0.0280036388849683,0.001215589761852,0.2781333356145262,0.0098069265663922,0.6385466347271005,0.0280835067584858,0.0208888888888888,0.0019876159799998,0.0008888888888888,0.0012171612389003,11
0.05,5,4,story_1_peak_to_peak,5,0.1132441829427609,0.0026385983018473,0.1150854122032352,0.002493052059,0.027538020066467,0.0015226762600233,0.2585650638420224,0.0074324088120103,0.591316112103178,0.0277775804349718,0.0195555555555555,0.001859244503409,0.0,0.0,12
0.05,5,42,story_2_to_story_1_max_abs_ratio,5,-0.0690274656323779,0.0043536721486751,0.103569232215046,0.0032310059242837,0.0344992824294114,0.0022159662433536,0.2061965490477098,0.008372162014868,0.5554771615718622,0.0367358851004219,0.0026666666666666,0.0028974232912011,0.0,0.0,13
0.05,5,54,story_4_max_abs_spatial_fraction,5,-0.0661224842695767,0.0058033862561742,0.1029021046225179,0.0034834723817606,0.0823985780793197,0.0048215914322731,0.1314319022430551,0.0043221000387267,0.2657518392744722,0.0116910140958316,0.0,0.0,0.0,0.0,14
0.05,5,66,story_3_spectral_centroid,5,0.1013704209619827,0.0006846428206181,0.1021027725647709,0.000512008301091,0.0900948630766134,0.0011257289494153,0.1215962286683947,0.000688146875281,0.2338365000187642,0.0044967371241829,0.0,0.0,0.0,0.0,15
0.05,5,17,story_3_crest_factor,5,0.0763704281693033,0.0028850464430294,0.0935621383741345,0.0027162654163035,0.0834163580976572,0.0030891211895292,0.113758939973514,0.0027889976048149,0.2065641057459804,0.0123187460098681,0.0,0.0,0.0,0.0,16
0.05,5,50,story_2_max_abs_spatial_fraction,5,0.0349396901093389,0.0031236364850184,0.0909797261038685,0.0013177263351505,0.0737170475560443,0.0028442015868062,0.1160429200095157,0.0021152023808147,0.232808266561739,0.0113256132379154,0.0,0.0,0.0,0.0,17
0.05,5,11,story_2_crest_factor,5,0.0729816407449508,0.0010245475738052,0.0897361760264605,0.0018098806943904,0.0827889577993223,0.0023133951015415,0.1085208313915862,0.0018593346925397,0.2008704465906199,0.0087130738476679,0.0,0.0,0.0,0.0,18
0.05,5,69,story_4_spectral_centroid,5,0.0820412373729092,0.0017326490056419,0.0824820009870291,0.0016192796575588,0.0683388191448951,0.002676803726586,0.1030745269899901,0.0019028559366589,0.2129937082414841,0.0085241757085378,0.0,0.0,0.0,0.0,19
0.05,5,46,story_4_to_story_3_max_abs_ratio,5,-0.0379602510717829,0.0062605936870253,0.0749321643369026,0.0038734664618463,0.0537652752318053,0.0038717131661469,0.10457600141589,0.0046606496745931,0.2173966659413426,0.0159494993040831,0.0,0.0,0.0,0.0,20
0.05,5,44,story_3_to_story_2_max_abs_ratio,5,-0.0259543935676633,0.0017611771120861,0.06583867775923,0.0012021292571804,0.0504757870245975,0.0027463364839074,0.0892893414220281,0.0029027132458267,0.1815237063649657,0.0063044723417684,0.0,0.0,0.0,0.0,21
0.05,5,6,story_2_mean,5,0.004923464625173,0.009719168280412,0.0649520185601043,0.004520685667716,0.0255921262878236,0.0020440747787631,0.1400367356210045,0.0226417800621684,0.2741035870608596,0.0414333482751788,0.0017777777777777,0.001859244503409,0.0,0.0,22
0.05,5,48,story_1_max_abs_spatial_fraction,5,0.0183405218289852,0.0026129598697762,0.0556181787297295,0.0008658760431528,0.043223896657241,0.0019983258915785,0.0721937744511324,0.0013234231753522,0.152638965938273,0.0032394817370199,0.0,0.0,0.0,0.0,23
0.05,5,52,story_3_max_abs_spatial_fraction,5,-0.0002864362903284,0.002723871710998,0.0463891645542647,0.000880071912968,0.0378491229998397,0.0027615826139814,0.0588093740661318,0.0012883480385883,0.1154987832263771,0.0054819768094674,0.0,0.0,0.0,0.0,24
0.05,5,12,story_3_mean,5,0.0004830660213683,0.0037956640453354,0.0445052739129552,0.0032698316201008,0.01923108817746,0.0009389168765604,0.0912016182920072,0.0107522502177689,0.1821647704779941,0.0301633451310173,0.0,0.0,0.0,0.0,25
0.05,5,28,story_2_max_ground_amplification,5,0.0427715125631017,0.0005499678605644,0.0443381806607723,0.0005472345385301,0.0153006764529594,0.0007210517305282,0.0874906535573206,0.0016095695341193,0.2310935456397095,0.0147500164177034,0.0,0.0,0.0,0.0,26
0.05,5,8,story_2_max_abs,5,0.0418897879384812,0.000421413392838,0.0434010359069718,0.0004232053600151,0.0131860832104967,0.0005636303269663,0.0926263534371612,0.0017656113276754,0.2190325312011369,0.0087988525079015,0.0,0.0,0.0,0.0,27
0.05,5,18,story_4_mean,5,-0.003959310374969,0.0033308110630404,0.0396879636674529,0.0019369185560342,0.0148123761199635,0.0007915261666232,0.0889006931270826,0.0118151292819235,0.1645360652115773,0.0100629126294684,0.0004444444444444,0.0009938079899999,0.0,0.0,28
0.05,5,10,story_2_peak_to_peak,5,0.0388335964132644,0.0003292726718637,0.039165166935081,0.0003138408088732,0.0127059087967759,0.0004452244232023,0.0807767843167376,0.0011873201330817,0.1914081534933431,0.0040991079883619,0.0,0.0,0.0,0.0,29
0.05,5,41,story_4_relative_to_lower_rms,5,0.0325171432743633,0.0004257239387362,0.0325336908893261,0.0004308329852782,0.0072905805007933,0.000376443298459,0.0657860561326041,0.0016608088922071,0.1555812595113078,0.0110587508318143,0.0,0.0,0.0,0.0,30
0.05,5,30,story_3_max_ground_amplification,5,0.0264459296343672,0.0006749648665985,0.0269535770729395,0.0007207498323328,0.0100536406763604,0.0003438600237182,0.0522625242190454,0.00172999389344,0.1310272388877677,0.0048389455255403,0.0,0.0,0.0,0.0,31
0.05,5,77,story_4_story_3_correlation,5,-0.0266781046994721,0.0005388578432748,0.0266871483472781,0.0005387267188612,0.0169815666456996,0.0001788851852513,0.0333660260827026,0.001260076948869,0.0702107815200875,0.0034948079253286,0.0,0.0,0.0,0.0,32
0.05,5,14,story_3_max_abs,5,0.026195510635538,0.0008062245352325,0.0266705579197302,0.0008993799584306,0.00885851818355,0.0005009319265651,0.056016090905203,0.0027617195835937,0.1249456016507682,0.0059474619778696,0.0,0.0,0.0,0.0,33
0.05,5,16,story_3_peak_to_peak,5,0.0238373276978955,0.0007079561223482,0.0239664291189638,0.0007570869637687,0.0090030439237114,0.000142459480043,0.0481149582017957,0.0025211106894162,0.1077367273961803,0.0061700216945701,0.0,0.0,0.0,0.0,34
0.05,5,32,story_4_max_ground_amplification,5,0.0209687919860248,0.0008654400114177,0.0213558917570172,0.0007950271742219,0.0074556249223306,0.0001885734209012,0.0421076759444108,0.0024640761536361,0.1087267499942969,0.0051843044247833,0.0,0.0,0.0,0.0,35
0.05,5,20,story_4_max_abs,5,0.0208390951233618,0.0007385307714327,0.0211911954361134,0.0006865940116662,0.006375726926664,0.0002082714483373,0.0453815238008655,0.0025686211419576,0.0973389812530929,0.0048496465221697,0.0,0.0,0.0,0.0,36
0.05,5,22,story_4_peak_to_peak,5,0.0187059649871429,0.0006319487111065,0.0187922978372035,0.0006158539006828,0.0064336524216727,0.0004580435861409,0.0386699051228814,0.0020667552820375,0.0835585574974729,0.0035420391201953,0.0,0.0,0.0,0.0,37
0.05,5,43,story_2_to_story_1_rms_ratio,5,-0.0135632674548931,0.0001576695793304,0.0157416459472925,0.0001047830687334,0.0025292877984159,0.0001413383448423,0.039748874252739,0.0002864469094346,0.108470617907693,0.0097172863845208,0.0,0.0,0.0,0.0,38
0.05,5,75,story_2_story_1_correlation,5,-0.0132295046137888,0.0002476581322014,0.0155283674830506,0.0002923791298205,0.009742309345773,0.0003641889804843,0.0235303627594894,0.0003915364311472,0.0603887704102796,0.0014322197274155,0.0,0.0,0.0,0.0,39
0.05,5,39,story_3_relative_to_lower_rms,5,0.01307402579145,0.0004009544495536,0.0131049034230687,0.0003971676420769,0.0034877222610512,0.0001464440479667,0.0263276201600643,0.0012723862958136,0.0578124787718486,0.0014228120188885,0.0,0.0,0.0,0.0,40
0.05,5,55,story_4_rms_spatial_fraction,5,-0.0116612721977621,0.0002444146892985,0.0121417400762071,0.0002173380864122,0.01084875645103,0.0002914541368592,0.0145096174542298,0.0002084348663464,0.0267910265179429,0.0007078713681763,0.0,0.0,0.0,0.0,41
0.05,5,35,story_1_relative_to_lower_rms,5,0.011748460160918,0.0001345628385377,0.0117485261406737,0.0001345554111928,0.0055123814669382,0.000140274016148,0.0210193243259785,0.0003886385909072,0.0445505998570816,0.0014921616137854,0.0,0.0,0.0,0.0,42
0.05,5,71,story_1_ground_correlation,5,-0.0060976308044105,0.0001268733708912,0.0103905196310513,7.048891171201881e-05,0.005876356535186,0.0002224586660615,0.0155609704678797,0.000108202195882,0.0367922606601685,0.0004775471525527,0.0,0.0,0.0,0.0,43
0.05,5,27,story_1_rms_ground_amplification,5,0.010265098556146,7.914118405751197e-05,0.0103719678846005,8.743286450163635e-05,0.0026360724560322,0.0001634171049438,0.0205023858348806,0.0003463007634022,0.0531225573118619,0.0018318603066681,0.0,0.0,0.0,0.0,44
0.05,5,37,story_2_relative_to_lower_rms,5,0.0095311834858385,0.0002993072743273,0.009537674709678,0.0002954353962845,0.0034681679008891,0.0001044272807341,0.0180503445655082,0.000589609106225,0.039663082358583,0.0022170087342417,0.0,0.0,0.0,0.0,45
0.05,5,3,story_1_rms,5,0.0094210854381846,0.0001136795214959,0.0095136684106908,0.0001141677503257,0.0022183709560418,0.0001172766440981,0.0203840107785469,0.0005724911628337,0.0472864387050425,0.0031611288291517,0.0,0.0,0.0,0.0,46
0.05,5,1,story_1_std,5,0.0094169911110644,0.0001144537147983,0.00950969846126,0.0001147235779182,0.0022244955976255,0.0001175280379118,0.020374207756773,0.000572231312522,0.0472620384955346,0.0031084214751973,0.0,0.0,0.0,0.0,47
0.05,5,47,story_4_to_story_3_rms_ratio,5,-0.008047077930379,0.0004201092937636,0.008899221478082,0.0004327204876396,0.0028359321665667,0.0001061395338193,0.0183327861552313,0.0015291853473656,0.0419308171894179,0.0029209215277959,0.0,0.0,0.0,0.0,48
0.05,5,45,story_3_to_story_2_rms_ratio,5,-0.0056726413734523,0.0002145402835633,0.0083425449681958,0.0002622494290024,0.0052142628555542,0.0001390427185344,0.0121020833719329,0.000414047375292,0.0281726122699958,0.0015936882911033,0.0,0.0,0.0,0.0,49
0.05,5,51,story_2_rms_spatial_fraction,5,0.0048861038471242,0.0002794970515796,0.0074700957595994,0.0001902901855307,0.0062313367341641,0.0004598941420399,0.009392488114905,0.0002578115681089,0.0188680713457799,0.0010097600341912,0.0,0.0,0.0,0.0,50
0.05,5,76,story_3_story_2_correlation,5,-0.0029659404492021,0.0001836053848831,0.0062197531120862,0.0001829153077078,0.0055306905467993,0.0001226021079683,0.0071770176907956,0.0001647053276098,0.0128112746223278,0.000456733987483,0.0,0.0,0.0,0.0,51
0.05,5,49,story_1_rms_spatial_fraction,5,0.0025741068808782,4.7518803708221315e-05,0.0050941098409291,8.243847192699148e-05,0.0036591843043582,0.000182572489535,0.0069751981426269,4.213692379423857e-05,0.0157825295114805,0.0002574181870648,0.0,0.0,0.0,0.0,52
0.05,5,53,story_3_rms_spatial_fraction,5,-0.0001367961538071,7.38558414753349e-05,0.0048178625363936,0.0001998555326458,0.0040653556684685,0.0002048628743071,0.0060606255898021,0.000197895038254,0.0119694269166159,0.0003573797450693,0.0,0.0,0.0,0.0,53
0.05,5,72,story_2_ground_correlation,5,-0.0010212276399868,0.0001264919599109,0.0034135864755188,9.555815498480384e-05,0.0029375686915208,9.794919236878924e-05,0.0040424095077265,0.0001254675711593,0.0076289196496351,0.0004913636906185,0.0,0.0,0.0,0.0,54
0.05,5,73,story_3_ground_correlation,5,0.002283997328581,6.988479816397787e-05,0.0028874034698849,6.511707030503907e-05,0.0018910217200991,4.860469096719097e-05,0.0041779300584374,0.0001986999241885,0.0093193471908088,0.0002286758076002,0.0,0.0,0.0,0.0,55
0.05,5,61,story_1_band_energy,5,0.0015790200207958,0.0002775041886726,0.0027661538547906,0.0003077930440611,0.0003451093284679,2.290789599755399e-05,0.0109438641635389,0.0019675180655786,0.0112447126137443,0.0025219053693014,0.0,0.0,0.0,0.0,56
0.05,5,29,story_2_rms_ground_amplification,5,0.0018998737543103,0.0001473364869431,0.0019492554905945,0.0001302854717826,0.0011298380254691,4.590420550625095e-05,0.0033425941624973,0.0003370687926463,0.0069933189552117,0.0011294490155018,0.0,0.0,0.0,0.0,57
0.05,5,9,story_2_rms,5,0.001872622889701,0.0001375389589222,0.0019218491046836,0.0001209890919615,0.0010015940071243,1.851029405191855e-05,0.0035962874455795,0.0003002198768167,0.0071332503079153,0.0011662670467464,0.0,0.0,0.0,0.0,58
0.05,5,7,story_2_std,5,0.0018727808003632,0.0001377322126517,0.0019215645769617,0.0001213439870358,0.0010000333479328,2.2980319085197812e-05,0.0035955254061563,0.0003007190970639,0.007129864722637,0.001160497251693,0.0,0.0,0.0,0.0,59
0.05,5,15,story_3_rms,5,0.0009007187271482,4.4524075804718055e-05,0.0010466880826085,5.353908004694279e-05,0.0005280478830926,2.326368908234887e-05,0.0020414873662816,0.0001569880028695,0.003903878217639,0.0005644099733787,0.0,0.0,0.0,0.0,60
0.05,5,13,story_3_std,5,0.0009005014662065,4.433224657216736e-05,0.0010463983278352,5.340326263157172e-05,0.0005280563914209,2.3549531187857342e-05,0.0020417501024499,0.0001577298713304,0.003917850897797,0.0005595807722047,0.0,0.0,0.0,0.0,61
0.05,5,31,story_3_rms_ground_amplification,5,0.0008971238665191,3.373774492764502e-05,0.0010459447821207,3.431115288636113e-05,0.0006328194641686,1.5273285893390973e-05,0.0018040947249945,8.02278102018887e-05,0.0038651252826988,0.0001805552658352,0.0,0.0,0.0,0.0,62
0.05,5,64,story_2_band_energy,5,0.00025247094478,0.000222918185749,0.0009217227850451,0.0001284067542646,4.709108250150789e-05,2.3758892379939176e-06,0.0038964746057448,0.0006639401589919,0.0042125036476135,0.0008595885430991,0.0,0.0,0.0,0.0,63
0.05,5,74,story_4_ground_correlation,5,0.0004798560688088,3.4843373615288e-05,0.0009003790997322,2.8149611510718464e-05,0.0008823794545018,3.8450648724045795e-05,0.0010382948644976,2.8309977485587104e-05,0.0017853406487502,3.46898637499503e-05,0.0,0.0,0.0,0.0,64
0.05,5,59,story_1_dominant_frequency,5,-0.0004967354355626,0.0003041870885719,0.0007947766969002,0.0004777448440044,0.0,0.0,0.0133204537321227,0.0074696884154913,0.0,0.0,0.0,0.0,0.0,0.0,65
0.05,5,19,story_4_std,5,0.0005155471182494,3.845066191556184e-05,0.0006890985933154,3.127791333099428e-05,0.0002829220997666,5.289833354944024e-06,0.0014504108631477,0.0001522682287444,0.0028177092838134,0.0001829748930782,0.0,0.0,0.0,0.0,66
0.05,5,21,story_4_rms,5,0.0005156148215527,3.8277918965145875e-05,0.0006889131328652,3.080929702228525e-05,0.0002843449062397,6.008110163003903e-06,0.0014506041997854,0.0001513536796071,0.0028271510312339,0.000183995107476,0.0,0.0,0.0,0.0,67
0.05,5,33,story_4_rms_ground_amplification,5,0.0005174526470137,4.55380463533148e-05,0.0006873353605129,2.815792994991682e-05,0.0003222935475013,6.512917864827126e-06,0.0013206195422924,0.0001364043221078,0.002753566031445,0.0002173151181582,0.0,0.0,0.0,0.0,68
0.05,5,67,story_3_band_energy,5,0.0001595138932856,8.695341743047316e-05,0.000684122910812,7.571505732380676e-05,2.285819852324748e-05,6.612404679671231e-07,0.002966926259344,0.0004087399424011,0.0029983647151317,0.0004248361813706,0.0,0.0,0.0,0.0,69
0.05,5,70,story_4_band_energy,5,0.0001024233622859,7.001658280256902e-05,0.000511782119878,6.60857518276518e-05,2.9925256463694447e-05,4.166266816770548e-06,0.0020072485436775,0.0003735017456487,0.0023920047631854,0.0004131305443394,0.0,0.0,0.0,0.0,70
0.05,5,62,story_2_dominant_frequency,5,-0.0003724157439036,0.0007098221120292,0.0003724157439036,0.0007098221120292,0.0,0.0,0.0079001309380467,0.015057600865562,0.0,0.0,0.0,0.0,0.0,0.0,71
0.05,5,68,story_4_dominant_frequency,5,0.0001508508201749,0.0001377073283799,0.0001508508201749,0.0001377073283799,0.0,0.0,0.003200029136797,0.0029212135714958,0.0,0.0,0.0,0.0,0.0,0.0,72
0.05,5,65,story_3_dominant_frequency,5,-5.064353773207988e-05,0.00011324239299,5.064353773207988e-05,0.00011324239299,0.0,0.0,0.0010743116686089,0.0024022339200307,0.0,0.0,0.0,0.0,0.0,0.0,73
0.05,5,24,ground_max_abs,5,0.0,0.0,0.0,0.0,0.0,0.0,0.0,0.0,0.0,0.0,0.0,0.0,0.0,0.0,74
0.05,5,25,ground_rms,5,0.0,0.0,0.0,0.0,0.0,0.0,0.0,0.0,0.0,0.0,0.0,0.0,0.0,0.0,75
0.05,5,56,ground_dominant_frequency,5,0.0,0.0,0.0,0.0,0.0,0.0,0.0,0.0,0.0,0.0,0.0,0.0,0.0,0.0,76
0.05,5,57,ground_spectral_centroid,5,0.0,0.0,0.0,0.0,0.0,0.0,0.0,0.0,0.0,0.0,0.0,0.0,0.0,0.0,77
0.05,5,58,ground_band_energy,5,0.0,0.0,0.0,0.0,0.0,0.0,0.0,0.0,0.0,0.0,0.0,0.0,0.0,0.0,78
0.1,10,60,story_1_spectral_centroid,5,0.7174622383041033,0.0024092222285466,0.7175220842705168,0.0023574493491263,0.3846978482982723,0.0142261631235668,1.0393479628627744,0.0034370142078248,2.410765592175369,0.0489971160200642,0.2702222222222222,0.0046080980785172,0.0933333333333333,0.002721655269759,1
0.1,10,40,story_4_relative_to_lower_max_abs,5,0.5823266509696333,0.0084176468190976,0.5847177780786476,0.008383558271363,0.1582688587968597,0.0033577513037318,1.2479082172620874,0.0372456494820231,2.898002925431243,0.2109574629570553,0.1595555555555555,0.0039752319599996,0.0808888888888888,0.0019876159799998,2
0.1,10,63,story_2_spectral_centroid,5,0.4510014016733147,0.0028227266306915,0.4510093341954736,0.0028209200418397,0.4071757500984757,0.0075509094764033,0.5217538913944564,0.0021336257560509,0.9451187215079596,0.0181310852911101,0.0302222222222222,0.0033701668640229,0.0,0.0,3
0.1,10,5,story_1_crest_factor,5,0.3116154912611087,0.0134074647428249,0.3721802184652948,0.0116023095003844,0.1997146287725957,0.0100041528679441,0.5656725492047914,0.0190543151607774,1.3804178979842938,0.0492909027487398,0.1035555555555555,0.0071319140159472,0.0031111111111111,0.0046080980785172,4
0.1,10,38,story_3_relative_to_lower_max_abs,5,0.3624731594415642,0.0043394519250305,0.3630363760210611,0.0046021059406624,0.1083626008557376,0.002961670277986,0.7622803712260801,0.0287293919090657,1.6647810125564724,0.0348116436982659,0.0982222222222222,0.0053054828383614,0.0422222222222222,0.0022222222222222,5
0.1,10,23,story_4_crest_factor,5,0.3456864906109307,0.0118046206357421,0.3536784711747972,0.0124109533991453,0.3406490586463288,0.0112375510807162,0.4067934525378211,0.0121804246665021,0.6984511640776305,0.0199016389117274,0.004,0.0028974232912011,0.0,0.0,6
0.1,10,66,story_3_spectral_centroid,5,0.3361373699738744,0.0014280840719516,0.3361373699738744,0.0014280840719516,0.3133299268185861,0.0016244733537342,0.3674744219243243,0.0014857111219298,0.6281602265096271,0.0142327732152663,0.0,0.0,0.0,0.0,7
0.1,10,26,story_1_max_ground_amplification,5,0.3064028970151127,0.0072605509330314,0.3207340081459159,0.0064822530020901,0.0843684068139601,0.0046792562638201,0.6727621771128032,0.0120715171065015,1.8994502252538856,0.0911900831784215,0.0946666666666666,0.0025337231668869,0.0457777777777777,0.0057948465824023,8
0.1,10,34,story_1_relative_to_lower_max_abs,5,0.2853486991929341,0.0070977797029459,0.2940317227727356,0.0072179891337491,0.0748405444382721,0.0044298587201953,0.6533620307240293,0.0188392536213854,1.4570229384588422,0.0535867739205527,0.0804444444444444,0.0032960882164869,0.0355555555555555,0.0049690399499995,9
0.1,10,36,story_2_relative_to_lower_max_abs,5,0.2889937322860667,0.0064350067466708,0.2891660950937037,0.0064836149459131,0.0948272309596242,0.0047929228740972,0.5944747340223772,0.0253112400914035,1.341630247383485,0.017059835864331,0.0751111111111111,0.0028974232912011,0.0297777777777777,0.0037184890068181,10
0.1,10,69,story_4_spectral_centroid,5,0.2832953213669578,0.0015578677722935,0.2832953213669578,0.0015578677722935,0.2471647929959624,0.0027360177917762,0.3186264225333839,0.0017933319174735,0.5891058597986492,0.0073040954793266,0.0,0.0,0.0,0.0,11
0.1,10,2,story_1_max_abs,5,0.2616820294380374,0.0064287465838669,0.2724274301197253,0.0058263324445654,0.0626912317733102,0.0038979982517381,0.623070313679366,0.0162589017545164,1.398331477575427,0.0616613987248542,0.0782222222222222,0.001859244503409,0.0324444444444444,0.0033701668640229,12
0.1,10,4,story_1_peak_to_peak,5,0.2622933678564061,0.004344723793423,0.2636288966168709,0.0043657978466779,0.0685055312732349,0.0024875755276376,0.5853955820851598,0.0087273031945133,1.3039770669297903,0.0669436598978215,0.0711111111111111,0.0038490017945975,0.0284444444444444,0.001859244503409,13
0.1,10,0,story_1_mean,5,0.0017669011557277,0.0235952266931265,0.2474352994819109,0.0075536708982404,0.107394247988741,0.0035594627460512,0.524301370719263,0.0153530523297375,1.015642461077048,0.1141443888071593,0.0515555555555555,0.0067403337280458,0.0151111111111111,0.001859244503409,14
0.1,10,54,story_4_max_abs_spatial_fraction,5,-0.1471494480052406,0.0043473488294746,0.2066677976914606,0.0042701245659412,0.1677749329189212,0.0039579324191758,0.2628730358765437,0.006698515646677,0.5265175116281001,0.0195160742417332,0.0,0.0,0.0,0.0,15
0.1,10,17,story_3_crest_factor,5,0.1662903939616097,0.0055919285518321,0.193630332877663,0.0068067382878596,0.1806750875705735,0.0065450303337729,0.2238370563451662,0.0084585520227616,0.3818824449088216,0.0179781811709764,0.0004444444444444,0.0009938079899999,0.0,0.0,16
0.1,10,42,story_2_to_story_1_max_abs_ratio,5,-0.1240577357224206,0.0056475991930553,0.1879027443795726,0.002350342263102,0.0656595625194355,0.0039586147660551,0.3608753018007659,0.0080661288734879,1.0061479180842454,0.0203852851475657,0.0511111111111111,0.0031426968052735,0.0,0.0,17
0.1,10,11,story_2_crest_factor,5,0.1608889550654146,0.0032871171911688,0.1871193941989436,0.0029950473810276,0.1730347668221483,0.0067724518088086,0.2210778424304359,0.0022113159938607,0.390232743085578,0.0144338062323614,0.0,0.0,0.0,0.0,18
0.1,10,50,story_2_max_abs_spatial_fraction,5,0.0838506112603716,0.0055152649491091,0.1754401745981464,0.0038549681270144,0.1500075399031059,0.0074154311716667,0.2187871991920869,0.0059745025392527,0.4185709960925045,0.0241220868173992,0.0,0.0,0.0,0.0,19
0.1,10,6,story_2_mean,5,-0.0022672788561269,0.0165026713380636,0.1397641212033232,0.0077857190130218,0.0560255409593611,0.002161263621718,0.3105094417218878,0.0281182085496748,0.5891559907804285,0.0850080732881861,0.02,0.0047140452079103,0.0035555555555555,0.0025337231668869,20
0.1,10,46,story_4_to_story_3_max_abs_ratio,5,-0.0846367012557075,0.0059158473606177,0.1366184367644757,0.0060079217291378,0.1012642731858536,0.0045937268767216,0.1903173633080712,0.0076759093120646,0.3864733137075843,0.0220487079376117,0.0008888888888888,0.0012171612389003,0.0,0.0,21
0.1,10,44,story_3_to_story_2_max_abs_ratio,5,-0.059214483104441,0.0037339966670737,0.124454700156587,0.0038644115533564,0.0976655409571402,0.0042255501695275,0.1650488049551111,0.0036902052145837,0.3411294020473524,0.0196888965165443,0.0,0.0,0.0,0.0,22
0.1,10,41,story_4_relative_to_lower_rms,5,0.1226305302032938,0.0006511090873203,0.1226305302032938,0.0006511090873203,0.0269774602645145,0.000773358761692,0.2456387550799183,0.0030367182927545,0.588620452891705,0.0183885014541922,0.0164444444444444,0.0033701668640229,0.0,0.0,23
0.1,10,48,story_1_max_abs_spatial_fraction,5,0.0391674985975979,0.0049935922849814,0.1087934501735671,0.0024177987356317,0.0839655528431884,0.0052321515541,0.1426549671929732,0.0019111912637548,0.3004612844916287,0.0087319398064294,0.0,0.0,0.0,0.0,24
0.1,10,77,story_4_story_3_correlation,5,-0.1048182086560611,0.0014218206131056,0.1048182086560611,0.0014218206131056,0.067695892246729,0.0002641088813606,0.1268157752382914,0.0028203966770151,0.2612185073056846,0.0092924546594585,0.0,0.0,0.0,0.0,25
0.1,10,28,story_2_max_ground_amplification,5,0.101126130442825,0.0014907732492433,0.1029268588279872,0.0014666539891318,0.035071502914756,0.0006269980316803,0.2002605222096632,0.0030250850898595,0.5595490557692162,0.0298780458573266,0.0008888888888888,0.0012171612389003,0.0,0.0,26
0.1,10,8,story_2_max_abs,5,0.0991291514348642,0.001830307873708,0.1007498350419631,0.0018354076575988,0.0311758601133314,0.0018540204081584,0.2134005889996933,0.0051127977378741,0.4874762750357989,0.0250014538277389,0.0088888888888888,0.0035136418446315,0.0,0.0,27
0.1,10,12,story_3_mean,5,-0.0046193648944715,0.0036923260185648,0.096301341307725,0.0041669385526396,0.0376040428746924,0.0017925218995452,0.224339896054379,0.0220980723298326,0.3900423141822264,0.05977940386184,0.0106666666666666,0.0032960882164869,0.0013333333333333,0.0019876159799998,28
0.1,10,10,story_2_peak_to_peak,5,0.0917900347241389,0.001445756360324,0.0920819525422851,0.0014312406904905,0.029877021247484,0.0010349013736397,0.1930073704291747,0.0044416446682737,0.4243377980040059,0.0159109965751295,0.0048888888888888,0.001859244503409,0.0,0.0,29
0.1,10,52,story_3_max_abs_spatial_fraction,5,-0.0015672492607155,0.0041134397676111,0.0880446970246154,0.0038495370683406,0.0766637496391469,0.0044169031282041,0.1091914843951854,0.0049923933466542,0.2117962125514979,0.0109916877049853,0.0,0.0,0.0,0.0,30
0.1,10,18,story_4_mean,5,-0.0014998786855576,0.0099933691120675,0.0766381858845975,0.0023359438374661,0.0311761696268802,0.0021703122617198,0.1685147242520939,0.0128377507569986,0.3069458061185168,0.0181841142601222,0.0053333333333333,0.0037184890068181,0.0,0.0,31
0.1,10,30,story_3_max_ground_amplification,5,0.0614591176793089,0.0018702910593086,0.0617739711776431,0.0018693836464005,0.0233077817941617,0.0008903483153035,0.1164362472247924,0.0056306591266021,0.3101581052509302,0.0182512731307427,0.0,0.0,0.0,0.0,32
0.1,10,14,story_3_max_abs,5,0.0611275948868508,0.0019226689363182,0.061422420960976,0.0019258067823071,0.0208404367203816,0.0010757211377977,0.1264538478689981,0.0059937642323179,0.2814650703463714,0.0056441623934184,0.0,0.0,0.0,0.0,33
0.1,10,16,story_3_peak_to_peak,5,0.0562415866725043,0.0016942795946673,0.0563307316151967,0.0016892995322077,0.0211668623482804,0.0009549706748757,0.1125102573989747,0.0058890223328454,0.239350071607963,0.0186022296781654,0.0,0.0,0.0,0.0,34
0.1,10,75,story_2_story_1_correlation,5,-0.0487257141396028,0.0004492448571563,0.0561383618369887,0.000488106530084,0.0370052603135958,0.0005418796229472,0.0827640302395823,0.0007265711160324,0.2166996504582577,0.004546056743054,0.0,0.0,0.0,0.0,35
0.1,10,43,story_2_to_story_1_rms_ratio,5,-0.0474159104734833,0.0004486850901963,0.0546872538891087,0.00052311715263,0.008954482064051,0.0003373788506084,0.1341843479426002,0.0019599656967512,0.398774775020469,0.0098662058656701,0.0,0.0,0.0,0.0,36
0.1,10,39,story_3_relative_to_lower_rms,5,0.0505556444261899,0.0004432433366609,0.0505557871767901,0.0004432256147388,0.0129923926458323,0.0003106804762384,0.0986533738449715,0.0021869057423452,0.2242657262455237,0.0096031916805261,0.0,0.0,0.0,0.0,37
0.1,10,32,story_4_max_ground_amplification,5,0.0497014625539079,0.0012602058405974,0.049913599849186,0.0013276577158917,0.0183171829848458,0.0009239542674865,0.0955981910926955,0.003463953148439,0.2472089108328575,0.0082041488650639,0.0,0.0,0.0,0.0,38
0.1,10,20,story_4_max_abs,5,0.0494261152971242,0.0014906833229508,0.0495939798421013,0.00155805421662,0.0166890663758575,0.0008816374355496,0.1042545784706816,0.0047017309952522,0.2316626451028594,0.0149095092436163,0.0,0.0,0.0,0.0,39
0.1,10,35,story_1_relative_to_lower_rms,5,0.0455886787837439,0.0004338089407388,0.0455886787837439,0.0004338089407388,0.0214260694565046,0.0003412709534323,0.0790302320766352,0.0010584937003927,0.173889287122496,0.0050020002773452,0.0,0.0,0.0,0.0,40
0.1,10,22,story_4_peak_to_peak,5,0.0452847036141374,0.0009481054561493,0.0453040666010594,0.0009621024163614,0.0161401483203474,0.000378646570255,0.0924544190604374,0.0033537224022724,0.2052011908896862,0.0098515844762069,0.0,0.0,0.0,0.0,41
0.1,10,55,story_4_rms_spatial_fraction,5,-0.0449697381836027,0.0004894927659968,0.045038385857956,0.0004754713412592,0.0408617950788813,0.0008964288720213,0.0514869595431884,0.0002548154612475,0.093014177623507,0.0015855707163121,0.0,0.0,0.0,0.0,42
0.1,10,27,story_1_rms_ground_amplification,5,0.0398517127812606,0.0005926907372452,0.0398707781971209,0.0005893770749335,0.0094563324854229,0.0003861254572105,0.077884810923309,0.0012909487449372,0.2018032657145511,0.0089737268949137,0.0,0.0,0.0,0.0,43
0.1,10,71,story_1_ground_correlation,5,-0.0241004086766623,0.0003375900119468,0.0384604987995565,0.0003731887552859,0.0234187227453897,0.000541899799971,0.0545916317413676,0.0009180185356229,0.1243396266313189,0.0046381638759239,0.0,0.0,0.0,0.0,44
0.1,10,37,story_2_relative_to_lower_rms,5,0.037409951100852,0.0003186703122189,0.037409951100852,0.0003186703122189,0.0132709317948258,0.0003200372937588,0.0698804991214813,0.0011609380286541,0.1549146823213199,0.0045931759060176,0.0,0.0,0.0,0.0,45
0.1,10,3,story_1_rms,5,0.0365086269186016,0.0004710844583102,0.036527804119532,0.0004660872428773,0.0081268270727087,0.0002875238236931,0.0768004143404921,0.0010531848905007,0.1883186912759269,0.0091798582636408,0.0,0.0,0.0,0.0,46
0.1,10,1,story_1_std,5,0.0364988047565042,0.0004681222857686,0.0365180743546122,0.0004630255847827,0.0081312445969789,0.0003010875122147,0.0767786815069377,0.0010504821800183,0.1882872490637674,0.0092537864974472,0.0,0.0,0.0,0.0,47
0.1,10,47,story_4_to_story_3_rms_ratio,5,-0.031149210400024,0.0004336292123548,0.0320399910519898,0.0005291069219282,0.0075262891681175,0.0003680770415109,0.0667800421812919,0.0027582991606337,0.1567673426384502,0.0012666980443332,0.0,0.0,0.0,0.0,48
0.1,10,45,story_3_to_story_2_rms_ratio,5,-0.021752737619199,0.0005001264802531,0.0296160387642792,0.0005692471726881,0.0182920188104108,0.0005552121884332,0.0419348635598745,0.000805022366691,0.0940463521035438,0.0022381670968012,0.0,0.0,0.0,0.0,49
0.1,10,51,story_2_rms_spatial_fraction,5,0.0188380867576724,0.0004105234604196,0.023723703872831,0.0004244440905394,0.0176334286641702,0.0013771158816946,0.0306611312767639,0.0006882879306486,0.0599544648223578,0.000957935420167,0.0,0.0,0.0,0.0,50
0.1,10,76,story_3_story_2_correlation,5,-0.0117430048827485,0.00033719746315,0.0225558440588973,0.0001517829077591,0.0207469488642984,0.000126441061487,0.0256073624371282,0.0001471125678001,0.0442763863504984,0.0009043768170058,0.0,0.0,0.0,0.0,51
0.1,10,49,story_1_rms_spatial_fraction,5,0.0097898634931193,0.0002024921478264,0.0185044876801507,0.0001925790923642,0.0127889073129324,0.0002681581320005,0.025292001817803,0.0002346573451678,0.0606577274219905,0.001565209037257,0.0,0.0,0.0,0.0,52
0.1,10,53,story_3_rms_spatial_fraction,5,-0.000351597472939,7.090779087773506e-05,0.0168956716003343,0.0001848491836814,0.0146800938547577,0.000559465197668,0.0209225817722408,0.0002264577460931,0.0404055016460719,0.0008620431932881,0.0,0.0,0.0,0.0,53
0.1,10,72,story_2_ground_correlation,5,-0.0040046662402516,0.0002029884423627,0.0126766238345034,0.0002931193245578,0.0114690566646962,0.0003006826832729,0.0140070901311996,0.0002821500508866,0.0237153217014161,0.0007835669176932,0.0,0.0,0.0,0.0,54
0.1,10,73,story_3_ground_correlation,5,0.0087482595355169,0.0001501848605075,0.0109274468419641,0.0001728206889488,0.0068318354096852,0.000157470709806,0.014717501499047,0.0002998224579128,0.0321429033240186,0.0011852161963186,0.0,0.0,0.0,0.0,55
0.1,10,29,story_2_rms_ground_amplification,5,0.0074643428697347,0.0001790357929042,0.0074655493371707,0.0001790896551249,0.0046011029178569,0.0001033200847076,0.0115538564026648,0.0004432224146492,0.0275745979710044,0.0010395971239484,0.0,0.0,0.0,0.0,56
0.1,10,9,story_2_rms,5,0.007388722659359,0.0001827822002127,0.0073892930944233,0.0001830947352288,0.0040907464682817,0.0001016480171427,0.012575486352397,0.0005906934692298,0.0257219971247997,0.0013079904541038,0.0,0.0,0.0,0.0,57
0.1,10,7,story_2_std,5,0.0073867387086797,0.0001816531903368,0.0073873043644055,0.0001819648736911,0.0040911734543217,0.0001046876187513,0.0125743850879106,0.00059134321891,0.0257408676987291,0.0012920861424628,0.0,0.0,0.0,0.0,58
0.1,10,61,story_1_band_energy,5,0.0058005154122368,0.0005864773446613,0.0068844800912014,0.0007208289762631,0.0007434598859183,3.306733404107015e-05,0.026170280880612,0.0037990919501223,0.0305943661428973,0.0036784485340723,0.0,0.0,0.0,0.0,59
0.1,10,31,story_3_rms_ground_amplification,5,0.0034808477862871,0.0001112503220119,0.0035042188994813,0.0001133331194805,0.0022766947495771,3.175373137108917e-05,0.0052683519210095,0.0004254065331592,0.0117057443223108,0.001459851263482,0.0,0.0,0.0,0.0,60
0.1,10,15,story_3_rms,5,0.0034456541187157,0.0001251146017812,0.0034698632141936,0.0001310153217949,0.0020971816335544,7.445011125940452e-05,0.0058493044939416,0.0006059916686282,0.0116955889217246,0.0006153144214644,0.0,0.0,0.0,0.0,61
0.1,10,13,story_3_std,5,0.0034442551374773,0.0001249224614965,0.0034684171462292,0.0001310078525477,0.0020941428177744,7.094449970687746e-05,0.0058459753652781,0.0006058969123602,0.0116986696059405,0.0006021531976911,0.0,0.0,0.0,0.0,62
0.1,10,74,story_4_ground_correlation,5,0.0019043725465686,6.870294180208041e-05,0.0034132958071898,3.0132000497824457e-05,0.0034195389392807,5.619219805405216e-05,0.003664987779158,2.552357628663133e-05,0.0055632879256177,9.87082140455389e-05,0.0,0.0,0.0,0.0,63
0.1,10,33,story_4_rms_ground_amplification,5,0.0020928692515468,6.216453133117319e-05,0.002163893045919,7.385203645196143e-05,0.0010849202461711,4.649937128721716e-05,0.0038761529122671,0.0001741178335218,0.0086876132502333,0.0006465739530225,0.0,0.0,0.0,0.0,64
0.1,10,21,story_4_rms,5,0.0020718804836839,9.364660107678412e-05,0.0021489596687471,9.777479871779925e-05,0.0009543351573661,5.3671902761055995e-05,0.0042732586495026,0.0003152334902769,0.0088556024913816,0.0005737459861098,0.0,0.0,0.0,0.0,65
0.1,10,19,story_4_std,5,0.0020708114623339,9.348849027377572e-05,0.0021478737737708,9.774603908641718e-05,0.000956169313697,5.544810640608652e-05,0.0042698800429538,0.000316550610005,0.0088488402345409,0.0005803429055632,0.0,0.0,0.0,0.0,66
0.1,10,64,story_2_band_energy,5,0.0010366641873417,0.0003835198844402,0.001874784848199,7.073949827445214e-05,9.753475787253668e-05,4.807246689225998e-06,0.0078251857210318,0.000916552082382,0.0078544943998286,0.0009045930869648,0.0,0.0,0.0,0.0,67
0.1,10,67,story_3_band_energy,5,0.0003492596773992,0.0004002246200473,0.0013166066208627,0.000170770753016,5.2448605616227635e-05,7.458042704536525e-07,0.0057573152005478,0.0009322235401444,0.0051288690709611,0.0004389597312362,0.0,0.0,0.0,0.0,68
0.1,10,62,story_2_dominant_frequency,5,-0.0010241432957349,0.0009540314480621,0.0011172472317108,0.0008129951695325,0.0,0.0,0.0227830570742865,0.0162912454269321,0.0,0.0,0.0,0.0,0.0,0.0,69
0.1,10,70,story_4_band_energy,5,0.0002619435923809,0.0001549002072728,0.0010560073408621,0.0001636682153024,6.128055958136877e-05,3.1943145145969727e-06,0.0048683106980968,0.0015083479874696,0.0045388583070163,0.0004513890319585,0.0,0.0,0.0,0.0,70
0.1,10,59,story_1_dominant_frequency,5,-0.0006457560662314,0.0009057763294751,0.0008444502404564,0.0009392109892209,0.0,0.0,0.011413040394463,0.0110320997375176,0.0,0.0,0.0,0.0,0.0,0.0,71
0.1,10,68,story_4_dominant_frequency,5,0.0001508508201749,0.0002248751255818,0.0001508508201749,0.0002248751255818,0.0,0.0,0.0025751845806814,0.0036116827511569,0.0,0.0,0.0,0.0,0.0,0.0,72
0.1,10,65,story_3_dominant_frequency,5,-0.0001012870754641,0.0001386930400386,0.0001012870754641,0.0001386930400386,0.0,0.0,0.0021486233372178,0.0029421236734405,0.0,0.0,0.0,0.0,0.0,0.0,73
0.1,10,24,ground_max_abs,5,0.0,0.0,0.0,0.0,0.0,0.0,0.0,0.0,0.0,0.0,0.0,0.0,0.0,0.0,74
0.1,10,25,ground_rms,5,0.0,0.0,0.0,0.0,0.0,0.0,0.0,0.0,0.0,0.0,0.0,0.0,0.0,0.0,75
0.1,10,56,ground_dominant_frequency,5,0.0,0.0,0.0,0.0,0.0,0.0,0.0,0.0,0.0,0.0,0.0,0.0,0.0,0.0,76
0.1,10,57,ground_spectral_centroid,5,0.0,0.0,0.0,0.0,0.0,0.0,0.0,0.0,0.0,0.0,0.0,0.0,0.0,0.0,77
0.1,10,58,ground_band_energy,5,0.0,0.0,0.0,0.0,0.0,0.0,0.0,0.0,0.0,0.0,0.0,0.0,0.0,0.0,78
0.2,20,60,story_1_spectral_centroid,5,1.4610497749938147,0.0040223890203643,1.4610497749938147,0.0040223890203643,1.0396563690504803,0.0239893746052244,1.8576782346141263,0.005615377755352,3.738587240509768,0.0432948643474697,0.5057777777777779,0.0025337231668869,0.2933333333333333,0.0031426968052735,1
0.2,20,40,story_4_relative_to_lower_max_abs,5,1.3181339001231764,0.0107230366337799,1.31892456073823,0.0107225529707824,0.3880008479059531,0.0104382737889882,2.7001643744155106,0.0352529117011274,6.145685266787391,0.2501460199137866,0.2813333333333333,0.0065921764329739,0.176,0.0039752319599996,2
0.2,20,63,story_2_spectral_centroid,5,1.101471195504741,0.0035792510432514,1.101471195504741,0.0035792510432514,1.0896520434239485,0.0173931208453847,1.197105010053761,0.0035341171971119,1.874490511289578,0.0375948807691928,0.5617777777777778,0.0090812518852011,0.0288888888888888,0.0031426968052735,3
0.2,20,66,story_3_spectral_centroid,5,0.9013078093050227,0.0019532453395773,0.9013078093050227,0.0019532453395773,0.8651051561114504,0.0061304079890139,0.9371899422151246,0.0023393476545931,1.379092500249491,0.0291558602288866,0.3053333333333333,0.0101348926675478,0.0,0.0,4
0.2,20,38,story_3_relative_to_lower_max_abs,5,0.8168603042176132,0.0123122959346351,0.8169426210670687,0.0123068524682012,0.2638976100438379,0.0118221872646572,1.6579242187526575,0.049674380975316,3.7648195507993103,0.1610482420628876,0.2062222222222222,0.0048176629752619,0.1115555555555555,0.0009938079899999,5
0.2,20,69,story_4_spectral_centroid,5,0.7979067827955407,0.003716692778679,0.7979067827955407,0.003716692778679,0.7326284465165239,0.0089772432842747,0.8464421650212917,0.0035337125490384,1.369626102649478,0.0110349838342344,0.196,0.0028974232912011,0.0,0.0,6
0.2,20,23,story_4_crest_factor,5,0.7705226466718224,0.0196912048165129,0.7759245728696823,0.0196253639080239,0.7541966159313539,0.0273134100690282,0.8743970256855824,0.0209819200681237,1.4809667332230192,0.0568621701190941,0.2835555555555555,0.0141944172645967,0.004,0.0028974232912011,7
0.2,20,26,story_1_max_ground_amplification,5,0.7182755055794884,0.0069723816527193,0.7344883379898778,0.0072447339778793,0.203425205671257,0.0050940084820269,1.490868364468718,0.015771240298273,4.249854362299436,0.1810174448330082,0.1902222222222222,0.0055777335102271,0.108,0.0046080980785172,8
0.2,20,34,story_1_relative_to_lower_max_abs,5,0.6727201292208108,0.0054625350139761,0.6792145824653535,0.0055906288145735,0.1899794238758743,0.0087310999823777,1.4438257287801606,0.0151432468588793,3.241983738714771,0.0445684560467904,0.1813333333333333,0.0046080980785172,0.0946666666666666,0.0060041138160472,9
0.2,20,5,story_1_crest_factor,5,0.5639046257138345,0.0159426123961812,0.6630675483108055,0.0189095773559165,0.3963034781306097,0.0199881668070238,0.9572252470313274,0.028226006510479,2.1814262514010254,0.0542177719490557,0.2257777777777777,0.008549059582965,0.0742222222222222,0.0082551891648918,10
0.2,20,36,story_2_relative_to_lower_max_abs,5,0.6601597989687558,0.0035425535251933,0.6601597989687558,0.0035425535251933,0.2392421962770313,0.0050803235087189,1.3044623202739307,0.0097739949704902,2.8773516831821375,0.1798041942434603,0.1693333333333333,0.0036514837167011,0.0826666666666666,0.0039752319599996,11
0.2,20,2,story_1_max_abs,5,0.6112800474471903,0.006904945837176,0.6240173250553176,0.0069016852758139,0.1485638156930315,0.0072737913680658,1.3772301375406415,0.0211355218837424,3.158961792829536,0.1217418914496173,0.1635555555555555,0.0012171612389003,0.0897777777777777,0.0046080980785172,12
0.2,20,4,story_1_peak_to_peak,5,0.608203697885287,0.0038975741568796,0.6091390185205366,0.0041709529077423,0.1706113801227486,0.0050769691425372,1.3011238935811806,0.0102995219846677,2.9011170553112104,0.0805226604736782,0.1622222222222222,0.0056655772373253,0.0822222222222222,0.002721655269759,13
0.2,20,0,story_1_mean,5,-0.0286344486898927,0.0439759353527044,0.4982242336288299,0.0171301326173225,0.1946184789539704,0.0079036380398865,1.0988768242913018,0.1024560555615262,1.943003788155084,0.2753083158234248,0.1248888888888889,0.0061664164113384,0.048,0.0092429485969268,14
0.2,20,54,story_4_max_abs_spatial_fraction,5,-0.3318910360098145,0.0155126753090147,0.4179803116639213,0.0095662455560082,0.3569693141501284,0.0122811565391242,0.5198441892736753,0.0118568646621548,0.9860044328305876,0.0355777433199954,0.0475555555555555,0.0092429485969268,0.0,0.0,15
0.2,20,41,story_4_relative_to_lower_rms,5,0.414120941373862,0.0022485593269293,0.414120941373862,0.0022485593269293,0.1017082555087616,0.0019822923115017,0.820919833059422,0.0077829849950605,1.900970326426166,0.0490139196243122,0.1213333333333333,0.0037184890068181,0.0488888888888888,0.0015713484026367,16
0.2,20,17,story_3_crest_factor,5,0.3331422777234633,0.0129312019226459,0.3964910094474731,0.01257856347755,0.3876963658944937,0.011997154823746,0.4466072104577213,0.0147142740507188,0.7285431980098707,0.0391754665920778,0.0088888888888888,0.0035136418446315,0.0,0.0,17
0.2,20,77,story_4_story_3_correlation,5,-0.3891910701736814,0.0009060397534963,0.3891910701736814,0.0009060397534963,0.2650794352469554,0.0010575643740007,0.450654091109155,0.001746923064328,0.8641403401049589,0.0096877401995798,0.0177777777777777,0.002721655269759,0.0,0.0,18
0.2,20,11,story_2_crest_factor,5,0.3015985231184864,0.0119777872129447,0.3557816285156561,0.0076790546602838,0.3317209880495587,0.016281230284288,0.4220167987189969,0.0104682290622815,0.757717251749405,0.0361704902726784,0.004,0.0009938079899999,0.0,0.0,19
0.2,20,50,story_2_max_abs_spatial_fraction,5,0.1822943433341827,0.0174210611446725,0.3277478736733034,0.0092770687184833,0.2817100277785671,0.0161976937467663,0.4074779619873532,0.014108817152647,0.7958119038835874,0.0396379535632287,0.0128888888888888,0.0042745297914825,0.0,0.0,20
0.2,20,42,story_2_to_story_1_max_abs_ratio,5,-0.2097823177713076,0.0065395491629172,0.3189962413146535,0.0091488816993212,0.1268747205390234,0.0086178118973447,0.577813900071306,0.0133053853282183,1.5700026412130117,0.0610413426287498,0.1008888888888888,0.0046080980785172,0.0142222222222222,0.0029814239699997,21
0.2,20,46,story_4_to_story_3_max_abs_ratio,5,-0.2002490433644435,0.0089573894620657,0.2676700732173954,0.0096507062427863,0.1927225548499159,0.0091218526291206,0.3663312620228467,0.0169853425259748,0.7913659974582075,0.0324469974920689,0.0186666666666666,0.0084034090671951,0.0,0.0,22
0.2,20,6,story_2_mean,5,-0.0019118521207569,0.0133066661909996,0.2620510495550861,0.0113249546956515,0.111005661512365,0.0043657187945716,0.5361516500722681,0.048185365974478,1.0646900035691609,0.0974472692335078,0.0555555555555555,0.0075359222034725,0.0164444444444444,0.0064021601292835,23
0.2,20,44,story_3_to_story_2_max_abs_ratio,5,-0.1179939256435783,0.0147771869294276,0.2411547790270369,0.0049872204431784,0.1940165096907739,0.0068521391058383,0.3111679056515366,0.0084700099842061,0.6207745261400073,0.0284547953654554,0.004,0.0042745297914825,0.0,0.0,24
0.2,20,28,story_2_max_ground_amplification,5,0.2344113872670369,0.0049197681454597,0.2358207547023372,0.0048871609253475,0.0814083322676021,0.0030632640784112,0.448639633648603,0.0175963930835855,1.2424835067992015,0.0593396076193496,0.0711111111111111,0.002721655269759,0.004,0.001859244503409,25
0.2,20,8,story_2_max_abs,5,0.2303464480060202,0.0048391310046444,0.2317167028328649,0.004829072192915,0.0721503330077378,0.0020470337760368,0.478523162577944,0.0217809758058481,1.1347782281212306,0.0828305712546663,0.0604444444444444,0.0039752319599996,0.0124444444444444,0.0033701668640229,26
0.2,20,48,story_1_max_abs_spatial_fraction,5,0.0872854391300783,0.0075876141433241,0.2181689258034967,0.0051341250644936,0.1735939992148855,0.005547799753317,0.2799385867361094,0.007366502035566,0.5761915855738985,0.005244840154566,0.0,0.0,0.0,0.0,27
0.2,20,10,story_2_peak_to_peak,5,0.2127528702076973,0.0035686254787197,0.212924939388678,0.003528408675396,0.0698791787593301,0.0009799703744963,0.4301509117335295,0.0152602321627844,1.0020384048558657,0.0597917602462318,0.0502222222222222,0.0051159397480983,0.0062222222222222,0.0036514837167011,28
0.2,20,12,story_3_mean,5,0.0077860834051085,0.0181862555231474,0.1888123007819114,0.0068881558130285,0.0753476297840487,0.0020109625988994,0.4178033042709114,0.0567941824656787,0.7407010017590995,0.0163311314082917,0.0351111111111111,0.0042745297914825,0.008,0.0025337231668869,29
0.2,20,39,story_3_relative_to_lower_rms,5,0.1865042461395494,0.0016452394898452,0.1865042461395494,0.0016452394898452,0.0490366243658227,0.0007690533131037,0.36328103073483,0.0052597241924099,0.855245516394225,0.0207061362059028,0.0395555555555555,0.0024343224778007,0.0,0.0,30
0.2,20,75,story_2_story_1_correlation,5,-0.1609137475874286,0.0004049292776022,0.1820615543413285,0.0011008028523038,0.1337230603565724,0.0037794969711525,0.246710972115498,0.0015138220603752,0.62819046152306,0.0073675523064385,0.0,0.0,0.0,0.0,31
0.2,20,52,story_3_max_abs_spatial_fraction,5,0.0010828374844229,0.0076454590685731,0.1743731915284255,0.0057738349601831,0.1581272731227991,0.0064449893426398,0.2141360452493254,0.0059591813135216,0.4010690270565254,0.0080500122039093,0.0,0.0,0.0,0.0,32
0.2,20,35,story_1_relative_to_lower_rms,5,0.1685601500722334,0.0011899669753993,0.1685601500722334,0.0011899669753993,0.0781759089619564,0.0008688078780676,0.2932501210788391,0.0031838091086469,0.6610242028386163,0.0163470403626498,0.0253333333333333,0.0025337231668869,0.0,0.0,33
0.2,20,55,story_4_rms_spatial_fraction,5,-0.1669017874469708,0.000908174089327,0.1669078964506163,0.0009149609439071,0.147371636119657,0.0030627490372217,0.184717322568543,0.0008937262064217,0.3240257531558657,0.0028415728789765,0.0,0.0,0.0,0.0,34
0.2,20,18,story_4_mean,5,-0.0036399330564306,0.0153712033481112,0.1587725249576286,0.005816989957991,0.0614397848549543,0.0044630998137667,0.3544437555776878,0.0153880910364736,0.6108202475681861,0.0337517400224545,0.0266666666666666,0.0022222222222222,0.0071111111111111,0.001859244503409,35
0.2,20,43,story_2_to_story_1_rms_ratio,5,-0.1296883686241365,0.0008397291318674,0.1569932095726743,0.0006978985029109,0.0334474868725498,0.0006278235174659,0.3525855855665675,0.0017038523624505,1.0567469470262747,0.0138449898693772,0.056,0.0009938079899999,0.0,0.0,36
0.2,20,27,story_1_rms_ground_amplification,5,0.1484107310743168,0.0012615803144268,0.1484107310743168,0.0012615803144268,0.0343580850472253,0.0010822028615265,0.2859647187520548,0.0040373691771766,0.8042575120845162,0.0259647856046301,0.0204444444444444,0.0039752319599996,0.0,0.0,37
0.2,20,30,story_3_max_ground_amplification,5,0.1442316450136762,0.0029335857164801,0.1443637985226439,0.0028230172002493,0.0539159866033708,0.0019382716174021,0.2692979394594664,0.0096564527525583,0.7333908740209042,0.0373137787626404,0.0155555555555555,0.0052115730664704,0.0,0.0,38
0.2,20,14,story_3_max_abs,5,0.1438162624127583,0.0030680828991209,0.143939481315715,0.0029620637133197,0.0496511842939484,0.0018798739162358,0.2940263825554684,0.0125152079306907,0.62691075643665,0.0317567953829301,0.0284444444444444,0.0032960882164869,0.0,0.0,39
0.2,20,37,story_2_relative_to_lower_rms,5,0.1393186251033425,0.000468869087824,0.1393186251033425,0.000468869087824,0.0512868857694471,0.0008147090962872,0.256976687406292,0.0018854297287837,0.598431684175589,0.0160024150941253,0.0173333333333333,0.0009938079899999,0.0,0.0,40
0.2,20,3,story_1_rms,5,0.1359352233007365,0.0011293641421939,0.1359352233007365,0.0011293641421939,0.0292055993693063,0.0011276273382002,0.2826889283782128,0.0039041963611215,0.6691815395747185,0.0070091516324122,0.0244444444444444,0.002721655269759,0.0,0.0,41
0.2,20,1,story_1_std,5,0.1358913561710176,0.0011290264810333,0.1358913561710176,0.0011290264810333,0.0291845232354608,0.0011168777017468,0.2825913619143418,0.0038994391763088,0.6689566029772969,0.0069203573800747,0.0244444444444444,0.002721655269759,0.0,0.0,42
0.2,20,16,story_3_peak_to_peak,5,0.1321681041995646,0.0022092221855656,0.1321732704188298,0.0022048355920721,0.049929646732085,0.0003901119636882,0.2613346818024313,0.0081688536794125,0.5707318157325199,0.0337968191614837,0.0208888888888888,0.0019876159799998,0.0,0.0,43
0.2,20,71,story_1_ground_correlation,5,-0.0889107128585866,0.0004976114685191,0.1290004744076489,0.0004317120831165,0.0878551502874227,0.0011520161542971,0.1719128384767811,0.0010681849956399,0.3709512580488082,0.0035410360719826,0.0,0.0,0.0,0.0,44
0.2,20,32,story_4_max_ground_amplification,5,0.1177020652431072,0.0026228754390072,0.1177715246138736,0.0026114621695309,0.0434627579778518,0.0013182564646425,0.2240993285075826,0.0067958079135017,0.6114663163176123,0.0109969820251016,0.0044444444444444,0.0035136418446315,0.0,0.0,45
0.2,20,20,story_4_max_abs,5,0.1163701864175029,0.0028546710181262,0.1164250875467426,0.0028495945886316,0.0388008407072282,0.0016447450022212,0.2412074735893964,0.0088631550666786,0.5472950787628053,0.0261575116591133,0.0128888888888888,0.0045542003404264,0.0,0.0,46
0.2,20,47,story_4_to_story_3_rms_ratio,5,-0.1075871036076433,0.0011167266093409,0.1082197066775722,0.0010432178723444,0.0236406952676763,0.0005468147835248,0.2166876282731075,0.0022698875379842,0.5155719600376897,0.0029642512830746,0.0066666666666666,0.0015713484026367,0.0,0.0,47
0.2,20,22,story_4_peak_to_peak,5,0.1064338978386792,0.0025868994371851,0.1064338978386792,0.0025868994371851,0.0377352785199028,0.0021306479314057,0.2149726132674971,0.0073236256019563,0.4961935225472046,0.0180391195828499,0.008,0.0025337231668869,0.0,0.0,48
0.2,20,45,story_3_to_story_2_rms_ratio,5,-0.0796981896281216,0.0012203896412986,0.1062902344875064,0.0006573724266744,0.0667440246618365,0.0014471702531115,0.1467366603833519,0.0015946645018845,0.3161867253520422,0.0041535144285499,0.0,0.0,0.0,0.0,49
0.2,20,51,story_2_rms_spatial_fraction,5,0.0742483493982054,0.0013807290987768,0.0831225099968695,0.000852932508922,0.0575652641511099,0.0018689677436467,0.1102191070792501,0.0009452871806263,0.2112971313495436,0.0019598791855457,0.0,0.0,0.0,0.0,50
0.2,20,76,story_3_story_2_correlation,5,-0.0440804143163972,0.0009030339591426,0.0805466059145299,0.0006027570675531,0.0767420726636044,0.0008450736694727,0.0903977331271045,0.000619102881438,0.1516008966512824,0.0024916708520123,0.0,0.0,0.0,0.0,51
0.2,20,49,story_1_rms_spatial_fraction,5,0.0341353301495584,0.0003334951878838,0.065925247369526,0.0003533286730215,0.0471062021902446,0.0007932630102377,0.0871848686334704,0.0004042089794711,0.2053371601950368,0.0014795634947804,0.0,0.0,0.0,0.0,52
0.2,20,53,story_3_rms_spatial_fraction,5,-0.0008906711662601,0.0006584536304028,0.0596057617925738,0.0005763104527994,0.0502669862154177,0.0019917224055192,0.0724286719145729,0.0007173818978904,0.1345517531776008,0.0014853903987546,0.0,0.0,0.0,0.0,53
0.2,20,72,story_2_ground_correlation,5,-0.0157735069421277,0.0006083127172634,0.0466214499811539,0.0002887018511391,0.0437864786357666,0.0004165072751253,0.0500038826666046,0.0003508048094056,0.0775045936259586,0.0013241755592133,0.0,0.0,0.0,0.0,54
0.2,20,73,story_3_ground_correlation,5,0.0317892893733992,0.0002667836502193,0.0402810706597007,0.0002855574021239,0.0256175354117287,0.0002718945117517,0.0506828487689678,0.0003616301662596,0.1060145352374009,0.0024747922127697,0.0,0.0,0.0,0.0,55
0.2,20,29,story_2_rms_ground_amplification,5,0.0294488751061388,0.0002359060454118,0.0294488751061388,0.0002359060454118,0.0187062416092796,0.0001995597761728,0.0442491499220556,0.0010857456913123,0.1139121867406378,0.0037304240146085,0.0,0.0,0.0,0.0,56
0.2,20,9,story_2_rms,5,0.0291608146884836,0.0001501220257152,0.0291608146884836,0.0001501220257152,0.015667320306586,0.0002787168515155,0.0482540122595817,0.0009214948687814,0.1053934608004821,0.0070129311010664,0.0,0.0,0.0,0.0,57
0.2,20,7,story_2_std,5,0.0291529849710962,0.0001504368005817,0.0291529849710962,0.0001504368005817,0.0156573417762677,0.0002837197331551,0.0482504509391805,0.0009224373791327,0.1053573933233764,0.0070763963853731,0.0,0.0,0.0,0.0,58
0.2,20,61,story_1_band_energy,5,0.0249996087047866,0.0019660407217507,0.0254915255023723,0.0018462834407678,0.0021732573672961,9.072622739240406e-05,0.0920531821403932,0.0110413530987503,0.1242108897198113,0.0188806285749413,0.0008888888888888,0.0012171612389003,0.0,0.0,59
0.2,20,31,story_3_rms_ground_amplification,5,0.0142769766251725,0.0002824766302328,0.0142769766251725,0.0002824766302328,0.0089421240057188,0.0001618222008393,0.0210085141040289,0.0007646099841937,0.0491829638674167,0.0035565215442315,0.0,0.0,0.0,0.0,60
0.2,20,15,story_3_rms,5,0.0140636022597758,0.0003627954208509,0.0140636022597758,0.0003627954208509,0.0083042710140411,0.0001911448775059,0.0227232820399558,0.0010296554639709,0.0483843992548928,0.0043751697225147,0.0,0.0,0.0,0.0,61
0.2,20,13,story_3_std,5,0.0140586099837835,0.0003611808326526,0.0140586099837835,0.0003611808326526,0.0083002367041603,0.000197310484507,0.0227186102368619,0.0010208126350777,0.0483537678932036,0.004365260765508,0.0,0.0,0.0,0.0,62
0.2,20,74,story_4_ground_correlation,5,0.0075964130338447,6.106869558626168e-05,0.0134528511901835,6.172589893085371e-05,0.0132932504258449,0.0002320063482661,0.0139955929571096,5.467630195803929e-05,0.0195485912264708,0.0002028591445292,0.0,0.0,0.0,0.0,63
0.2,20,33,story_4_rms_ground_amplification,5,0.0084486047852771,0.0002573333184244,0.0084486047852771,0.0002573333184244,0.0040861661807415,9.091141723345064e-05,0.0140253255396038,0.0007841738351473,0.0326307510670944,0.0016572930613241,0.0,0.0,0.0,0.0,64
0.2,20,21,story_4_rms,5,0.0083583742491448,0.0003032084045443,0.0083583742491448,0.0003032084045443,0.0039991812983355,0.000118352633023,0.0154135129987144,0.0011056282057829,0.0316991921609422,0.002693347097786,0.0,0.0,0.0,0.0,65
0.2,20,19,story_4_std,5,0.0083556717828927,0.0003032474804354,0.0083556717828927,0.0003032474804354,0.0039939862142795,0.0001141294540118,0.0154115489077562,0.0011078305954268,0.0316607497776568,0.002691780530264,0.0,0.0,0.0,0.0,66
0.2,20,64,story_2_band_energy,5,0.0041254546450999,0.0004478778520079,0.0049390620822232,0.0005932609788231,0.0003073107321838,2.5215916568425424e-05,0.0197655558765001,0.0033934929660659,0.023020969116724,0.0020815299261019,0.0,0.0,0.0,0.0,67
0.2,20,67,story_3_band_energy,5,0.0022753058436203,0.0005860806506779,0.0030468630852863,0.0004021551504532,0.0001388631104991,1.0477623345054654e-05,0.0133739486642747,0.0021384544371919,0.013673827056762,0.0033164345814446,0.0,0.0,0.0,0.0,68
0.2,20,70,story_4_band_energy,5,0.0012743575105384,0.0005611506513293,0.0024271693509258,0.0003270750770472,0.0001422876184206,1.60283291705511e-05,0.0111158330306312,0.0031874044271709,0.0091631829340465,0.0011208103531451,0.0,0.0,0.0,0.0,69
0.2,20,59,story_1_dominant_frequency,5,-0.0016392269373567,0.0002831827682022,0.0019372681986942,0.0004081098047547,0.0,0.0,0.0226077691970158,0.0025507281849879,0.0,0.0,0.0,0.0,0.0,0.0,70
0.2,20,62,story_2_dominant_frequency,5,-0.0015362149436024,0.0006069634033479,0.0017224228155542,0.0004537324583247,0.0,0.0,0.0308930315277168,0.0119086152274043,0.0,0.0,0.0,0.0,0.0,0.0,71
0.2,20,65,story_3_dominant_frequency,5,-0.001316731981034,0.002528375768294,0.001316731981034,0.002528375768294,0.0,0.0,0.0273027861785763,0.0539048358216773,0.0,0.0,0.0004444444444444,0.0009938079899999,0.0004444444444444,0.0009938079899999,72
0.2,20,68,story_4_dominant_frequency,5,0.0002011344268998,0.0002103514186837,0.0002011344268998,0.0002103514186837,0.0,0.0,0.0036418609596138,0.0034447094758275,0.0,0.0,0.0,0.0,0.0,0.0,73
0.2,20,24,ground_max_abs,5,0.0,0.0,0.0,0.0,0.0,0.0,0.0,0.0,0.0,0.0,0.0,0.0,0.0,0.0,74
0.2,20,25,ground_rms,5,0.0,0.0,0.0,0.0,0.0,0.0,0.0,0.0,0.0,0.0,0.0,0.0,0.0,0.0,75
0.2,20,56,ground_dominant_frequency,5,0.0,0.0,0.0,0.0,0.0,0.0,0.0,0.0,0.0,0.0,0.0,0.0,0.0,0.0,76
0.2,20,57,ground_spectral_centroid,5,0.0,0.0,0.0,0.0,0.0,0.0,0.0,0.0,0.0,0.0,0.0,0.0,0.0,0.0,77
0.2,20,58,ground_band_energy,5,0.0,0.0,0.0,0.0,0.0,0.0,0.0,0.0,0.0,0.0,0.0,0.0,0.0,0.0,78
