noise_level,noise_percent,replicate,mse_cal_minus_standard,mse_relative_improvement_percent,mae_cal_minus_standard,mae_relative_improvement_percent,rmse_cal_minus_standard,rmse_relative_improvement_percent,damaged_mae_cal_minus_standard,damaged_mae_relative_improvement_percent,zero_mae_cal_minus_standard,zero_mae_relative_improvement_percent,low_mae_cal_minus_standard,low_mae_relative_improvement_percent,medium_mae_cal_minus_standard,medium_mae_relative_improvement_percent,high_mae_cal_minus_standard,high_mae_relative_improvement_percent,high_abs_bias_cal_minus_standard,high_abs_bias_relative_improvement_percent,high_underestimation_cal_minus_standard_pp
0.0,0,0,-3.1399745547062985e-05,2.6360122531174817,-0.0003705857744341762,1.6808791205466929,-0.0004579283252442515,1.3268082269137833,-0.0014189930926989287,4.418990515117445,9.67765240693988e-05,-0.5510962589066675,0.00145026026354763,-6.6731204110011655,-0.0019018873818838766,6.085865677954445,-0.002257280676972895,6.137257757684384,-0.018473353072143806,86.57772501270398,-21.532846715328468
0.05,5,0,0.0005759699612621931,-11.724765993738059,0.002254330359462507,-5.052487214545734,0.00399500981884357,-5.699936610074693,0.003946051025177741,-7.377237957559311,0.0015001898217340062,-3.6892743651798963,0.0037574862232567854,-8.202629183575633,0.0054040101248022734,-10.857573480155594,0.003105848829097299,-5.274970346329689,0.011043460721511644,-330.67612807976946,-13.503649635036496
0.05,5,1,0.0005430350741119144,-11.646170891303344,0.0024391939617395206,-5.60599579158967,0.0038667836863615634,-5.662751663631859,0.004459337214050847,-8.635939693476635,0.0015386481745645955,-3.8574419583752713,0.0038371045280732666,-8.558000569907321,0.005436382419524294,-11.086292402831102,0.0040935400878834155,-7.313237880663364,0.009482022785233506,-236.06856674699713,-8.75912408759124
0.05,5,2,0.0005279285848962586,-11.378784460211431,0.0022995219983085527,-5.20527881894115,0.003770919941047529,-5.536147579969679,0.004005624053946055,-7.649629210492713,0.0015389704795303744,-3.7973818465570797,0.003996511488738953,-9.0469359656533,0.006061035794072363,-12.158236226589798,0.002718990660901685,-4.753634583441376,0.004339857352697345,-65.27130404612855,-10.948905109489054
0.05,5,3,0.0005796127861676702,-11.892903222600559,0.0024528156856724187,-5.4799293687881745,0.0040346971000766035,-5.77944186967549,0.004323794387716483,-8.189101518853272,0.0016187649389780845,-3.931315557354166,0.004178679774950497,-10.139703587698513,0.006008087139627125,-11.936087361836565,0.0033242292032743606,-5.638491785305438,0.007026561219737694,-131.95073080323704,-12.408759124087593
0.05,5,4,0.0005801670262097569,-11.994421520749444,0.0024043337565687606,-5.375051253457502,0.004052872589707754,-5.827416826051948,0.004255364385962052,-7.844408133309033,0.001579175524188632,-3.9002189313768474,0.004284647589227697,-10.072339571209737,0.005980048895374637,-11.419370232493836,0.0031610665583163416,-5.261021740201347,0.008279589338986476,-179.32525449232918,-11.678832116788323
0.1,10,0,0.002973323552115239,-13.303146461226302,0.008258259054544123,-7.412761757378253,0.00963376637400254,-6.443950725828613,0.009376612511716342,-8.337837695902161,0.007759715947129958,-6.994721458059322,0.01004387691549348,-9.111737546637489,0.012069197993864939,-11.046719575135205,0.007420931771054795,-6.433098958133862,0.014287532422447215,-33.562311615487125,-2.5547445255474477
0.1,10,1,0.002904766561518623,-12.79384747475016,0.00804966977099894,-7.212198051305625,0.009348849615324506,-6.204447870487124,0.009555057883333329,-8.5769623492681,0.0073785931426089135,-6.605448005587913,0.00955756235612519,-9.37035132718531,0.011618353074862184,-9.973641555131794,0.00825885437794184,-7.377118936691722,0.014615776842703036,-34.96057412202004,-4.744525547445252
0.1,10,2,0.002956169357997484,-12.815697335708048,0.008137280130449995,-7.1767883372346075,0.009438784793610433,-6.2147340700470135,0.009095744067060346,-8.084640484373317,0.007710013074370692,-6.776592529644778,0.009665854789425748,-9.59572185923178,0.011807065753230858,-10.243271732647754,0.007166950640932049,-6.207391647721469,0.014582990322940581,-29.898839015539668,-2.1897810218978075
0.1,10,3,0.0029344782296693017,-12.990193334266609,0.008121847751838052,-7.268593761498739,0.009464129330501475,-6.296845359712624,0.009241169292417056,-8.30191453197044,0.007622873089170271,-6.810486766633474,0.009825256656387407,-9.248385850775954,0.011388042198157311,-10.041968710102928,0.007661141327234222,-6.839045698562147,0.014594561325719214,-36.681004045461385,-4.744525547445255
0.1,10,4,0.0028644725187935358,-12.764539358726367,0.008026165868418741,-7.23808099539575,0.009273761824050486,-6.190649003914837,0.009273452121149273,-8.418953966634259,0.0074701466955147955,-6.716720345575905,0.009636387352220083,-9.189992597327768,0.011286137075661729,-10.722514216475144,0.007865635506686258,-6.820307428731414,0.014303149714730894,-35.81540062424399,-3.6496350364963517
0.2,20,0,0.005520106724321613,-5.05277242060386,0.008198865412006096,-2.8873570731011244,0.008247527184203796,-2.495254729477044,0.004818383308771573,-2.0748062405314767,0.009705827313448157,-3.161349060519373,0.008869294296333707,-3.3812770668704815,0.006754497659754721,-2.6475056894843965,0.0019915184693066745,-0.9672346464824596,0.003931272713968814,-3.0454222860753193,-0.7299270072992692
0.2,20,1,0.005450957995431563,-5.020270493518811,0.008137869115153074,-2.8771563269952276,0.008169945044576077,-2.479398170324375,0.004693581922818879,-2.0472612918103423,0.009673274249085206,-3.1536728337726068,0.008913717147128825,-3.6027575518388937,0.006260678676148157,-2.459601774245283,0.002031044035875784,-0.9851217332298172,0.003814639031543915,-2.943168309967966,-0.729927007299272
0.2,20,2,0.00553891697691733,-5.071890332422935,0.008268892053240107,-2.90793555312247,0.008276800814188467,-2.5045805476140415,0.0050648454583692715,-2.1712449876930826,0.0096972019810741,-3.157362963651532,0.008958305733032912,-3.4510915832318343,0.006015103433099467,-2.3265140384521046,0.0029194748686176553,-1.410811486341316,0.004047291490836935,-3.1694558938912274,-0.729927007299272
0.2,20,3,0.005443805603897622,-5.030960407209211,0.008117150259838835,-2.8659727905936387,0.008173060732970472,-2.484613677961046,0.004216033957746029,-1.7963165587907899,0.009856202105350043,-3.233082881287033,0.008642861342609665,-3.3865411234858276,0.005651856129577304,-2.1874555386586314,0.0015536777588222583,-0.7339511462969602,0.0030171456087678405,-2.381673273708229,-0.7299270072992692
0.2,20,4,0.005434479106863718,-4.953699516656132,0.008063463751354139,-2.8284626662829186,0.008104619551412173,-2.446912845949693,0.00440499149253995,-1.8909836736251986,0.009694348975162803,-3.144206504189013,0.00855831586550898,-3.25906878544394,0.005650188178080662,-2.173705306686285,0.0019711003006909478,-0.9652297532598618,0.004207858097155265,-3.2469343207890904,-1.4598540145985384
